[{"model": "admin.logentry", "pk": 1, "fields": {"action_time": "2025-09-20T11:16:08.032Z", "user": 6, "content_type": 7, "object_id": "5", "object_repr": "Testuser3 (CUST-0DB66C53)", "action_flag": 2, "change_message": "[]"}}, {"model": "admin.logentry", "pk": 2, "fields": {"action_time": "2025-09-20T11:16:14.622Z", "user": 6, "content_type": 7, "object_id": "4", "object_repr": "testuser2 (CUST-3F28797E)", "action_flag": 2, "change_message": "[]"}}, {"model": "admin.logentry", "pk": 3, "fields": {"action_time": "2025-09-20T12:45:32.809Z", "user": 6, "content_type": 9, "object_id": "1", "object_repr": "dOUBLE XL SHIRT", "action_flag": 1, "change_message": "[{\"added\": {}}]"}}, {"model": "admin.logentry", "pk": 4, "fields": {"action_time": "2025-09-20T12:45:54.002Z", "user": 6, "content_type": 10, "object_id": "1", "object_repr": "Tshirt (PRD-8BDE289E)", "action_flag": 1, "change_message": "[{\"added\": {}}]"}}, {"model": "admin.logentry", "pk": 5, "fields": {"action_time": "2025-09-20T16:43:02.288Z", "user": 6, "content_type": 10, "object_id": "38", "object_repr": "Nail Polish (PRD-B34CC8F6)", "action_flag": 3, "change_message": ""}}, {"model": "admin.logentry", "pk": 6, "fields": {"action_time": "2025-09-20T16:43:02.288Z", "user": 6, "content_type": 10, "object_id": "37", "object_repr": "Face Mask (PRD-627C9010)", "action_flag": 3, "change_message": ""}}, {"model": "admin.logentry", "pk": 7, "fields": {"action_time": "2025-09-20T16:43:02.288Z", "user": 6, "content_type": 10, "object_id": "36", "object_repr": "Hair Serum (PRD-B18973B2)", "action_flag": 3, "change_message": ""}}, {"model": "admin.logentry", "pk": 8, "fields": {"action_time": "2025-09-20T16:43:02.288Z", "user": 6, "content_type": 10, "object_id": "35", "object_repr": "Perfume (PRD-68814F4E)", "action_flag": 3, "change_message": ""}}, {"model": "admin.logentry", "pk": 9, "fields": {"action_time": "2025-09-20T16:43:02.288Z", "user": 6, "content_type": 10, "object_id": "34", "object_repr": "Foundation (PRD-7167280C)", "action_flag": 3, "change_message": ""}}, {"model": "admin.logentry", "pk": 10, "fields": {"action_time": "2025-09-20T16:43:02.288Z", "user": 6, "content_type": 10, "object_id": "33", "object_repr": "Red Lipstick (PRD-05A78F14)", "action_flag": 3, "change_message": ""}}, {"model": "admin.logentry", "pk": 11, "fields": {"action_time": "2025-09-20T16:43:02.288Z", "user": 6, "content_type": 10, "object_id": "32", "object_repr": "Face Moisturizer (PRD-3627496A)", "action_flag": 3, "change_message": ""}}, {"model": "admin.logentry", "pk": 12, "fields": {"action_time": "2025-09-20T16:43:02.288Z", "user": 6, "content_type": 10, "object_id": "31", "object_repr": "Sunglasses (PRD-539A195C)", "action_flag": 3, "change_message": ""}}, {"model": "admin.logentry", "pk": 13, "fields": {"action_time": "2025-09-20T16:43:02.288Z", "user": 6, "content_type": 10, "object_id": "30", "object_repr": "Baseball Cap (PRD-4F62A004)", "action_flag": 3, "change_message": ""}}, {"model": "admin.logentry", "pk": 14, "fields": {"action_time": "2025-09-20T16:43:02.288Z", "user": 6, "content_type": 10, "object_id": "29", "object_repr": "Leather Belt (PRD-B333D8A3)", "action_flag": 3, "change_message": ""}}, {"model": "admin.logentry", "pk": 15, "fields": {"action_time": "2025-09-20T16:43:02.288Z", "user": 6, "content_type": 10, "object_id": "28", "object_repr": "Silk Scarf (PRD-17C626A8)", "action_flag": 3, "change_message": ""}}, {"model": "admin.logentry", "pk": 16, "fields": {"action_time": "2025-09-20T16:43:02.288Z", "user": 6, "content_type": 10, "object_id": "27", "object_repr": "Silver Hoop Earrings (PRD-CE02C735)", "action_flag": 3, "change_message": ""}}, {"model": "admin.logentry", "pk": 17, "fields": {"action_time": "2025-09-20T16:43:02.288Z", "user": 6, "content_type": 10, "object_id": "26", "object_repr": "Gold Statement Necklace (PRD-37227A26)", "action_flag": 3, "change_message": ""}}, {"model": "admin.logentry", "pk": 18, "fields": {"action_time": "2025-09-20T16:43:02.288Z", "user": 6, "content_type": 10, "object_id": "25", "object_repr": "Tote Bag (PRD-B2A9DA4A)", "action_flag": 3, "change_message": ""}}, {"model": "admin.logentry", "pk": 19, "fields": {"action_time": "2025-09-20T16:43:02.288Z", "user": 6, "content_type": 10, "object_id": "24", "object_repr": "Crossbody Bag (PRD-82348EE9)", "action_flag": 3, "change_message": ""}}, {"model": "admin.logentry", "pk": 20, "fields": {"action_time": "2025-09-20T16:43:02.288Z", "user": 6, "content_type": 10, "object_id": "23", "object_repr": "Platform Sandals (PRD-229486FE)", "action_flag": 3, "change_message": ""}}, {"model": "admin.logentry", "pk": 21, "fields": {"action_time": "2025-09-20T16:43:02.288Z", "user": 6, "content_type": 10, "object_id": "22", "object_repr": "Running Shoes (PRD-D99ADCF5)", "action_flag": 3, "change_message": ""}}, {"model": "admin.logentry", "pk": 22, "fields": {"action_time": "2025-09-20T16:43:02.288Z", "user": 6, "content_type": 10, "object_id": "21", "object_repr": "High Heel Pumps (PRD-18BEEF5A)", "action_flag": 3, "change_message": ""}}, {"model": "admin.logentry", "pk": 23, "fields": {"action_time": "2025-09-20T16:43:02.288Z", "user": 6, "content_type": 10, "object_id": "20", "object_repr": "Black Ankle Boots (PRD-EDB0F29F)", "action_flag": 3, "change_message": ""}}, {"model": "admin.logentry", "pk": 24, "fields": {"action_time": "2025-09-20T16:43:02.288Z", "user": 6, "content_type": 10, "object_id": "19", "object_repr": "White Sneakers (PRD-21DE45CC)", "action_flag": 3, "change_message": ""}}, {"model": "admin.logentry", "pk": 25, "fields": {"action_time": "2025-09-20T16:43:02.288Z", "user": 6, "content_type": 10, "object_id": "18", "object_repr": "Chunky Knit Cardigan (PRD-CC29A735)", "action_flag": 3, "change_message": ""}}, {"model": "admin.logentry", "pk": 26, "fields": {"action_time": "2025-09-20T16:43:02.288Z", "user": 6, "content_type": 10, "object_id": "17", "object_repr": "Wide-Leg Trousers (PRD-9715BA1B)", "action_flag": 3, "change_message": ""}}, {"model": "admin.logentry", "pk": 27, "fields": {"action_time": "2025-09-20T16:43:02.288Z", "user": 6, "content_type": 10, "object_id": "16", "object_repr": "Silk Blouse (PRD-39F82F4F)", "action_flag": 3, "change_message": ""}}, {"model": "admin.logentry", "pk": 28, "fields": {"action_time": "2025-09-20T16:43:02.288Z", "user": 6, "content_type": 10, "object_id": "15", "object_repr": "Oversized Blazer (PRD-841CB5BA)", "action_flag": 3, "change_message": ""}}, {"model": "admin.logentry", "pk": 29, "fields": {"action_time": "2025-09-20T16:43:02.288Z", "user": 6, "content_type": 10, "object_id": "14", "object_repr": "High-Waist Yoga Leggings (PRD-69F154FF)", "action_flag": 3, "change_message": ""}}, {"model": "admin.logentry", "pk": 30, "fields": {"action_time": "2025-09-20T16:43:02.288Z", "user": 6, "content_type": 10, "object_id": "13", "object_repr": "Cashmere Sweater (PRD-A581C211)", "action_flag": 3, "change_message": ""}}, {"model": "admin.logentry", "pk": 31, "fields": {"action_time": "2025-09-20T16:43:02.288Z", "user": 6, "content_type": 10, "object_id": "12", "object_repr": "Leather Biker Jacket (PRD-01FEE20B)", "action_flag": 3, "change_message": ""}}, {"model": "admin.logentry", "pk": 32, "fields": {"action_time": "2025-09-20T16:43:02.288Z", "user": 6, "content_type": 10, "object_id": "11", "object_repr": "Floral Summer Dress (PRD-CD84579F)", "action_flag": 3, "change_message": ""}}, {"model": "admin.logentry", "pk": 33, "fields": {"action_time": "2025-09-20T16:43:02.288Z", "user": 6, "content_type": 10, "object_id": "10", "object_repr": "Skinny Black Jeans (PRD-F04AF07B)", "action_flag": 3, "change_message": ""}}, {"model": "admin.logentry", "pk": 34, "fields": {"action_time": "2025-09-20T16:43:02.288Z", "user": 6, "content_type": 10, "object_id": "9", "object_repr": "Classic White T-Shirt (PRD-91D682F8)", "action_flag": 3, "change_message": ""}}, {"model": "admin.logentry", "pk": 35, "fields": {"action_time": "2025-09-20T16:43:02.288Z", "user": 6, "content_type": 10, "object_id": "8", "object_repr": "Sony WH-1000XM4 (PRD-6B12B8F0)", "action_flag": 3, "change_message": ""}}, {"model": "admin.logentry", "pk": 36, "fields": {"action_time": "2025-09-20T16:43:02.288Z", "user": 6, "content_type": 10, "object_id": "7", "object_repr": "Adidas Ultraboost (PRD-B1E5F0EE)", "action_flag": 3, "change_message": ""}}, {"model": "admin.logentry", "pk": 37, "fields": {"action_time": "2025-09-20T16:43:02.288Z", "user": 6, "content_type": 10, "object_id": "6", "object_repr": "Nike Air Force 1 (PRD-432DAFB4)", "action_flag": 3, "change_message": ""}}, {"model": "admin.logentry", "pk": 38, "fields": {"action_time": "2025-09-20T16:43:02.288Z", "user": 6, "content_type": 10, "object_id": "5", "object_repr": "Dell XPS 13 (PRD-B00F18EF)", "action_flag": 3, "change_message": ""}}, {"model": "admin.logentry", "pk": 39, "fields": {"action_time": "2025-09-20T16:43:02.288Z", "user": 6, "content_type": 10, "object_id": "4", "object_repr": "MacBook Air M2 (PRD-E6DEDEF0)", "action_flag": 3, "change_message": ""}}, {"model": "admin.logentry", "pk": 40, "fields": {"action_time": "2025-09-20T16:43:02.288Z", "user": 6, "content_type": 10, "object_id": "3", "object_repr": "Samsung Galaxy S23 (PRD-D38D5465)", "action_flag": 3, "change_message": ""}}, {"model": "admin.logentry", "pk": 41, "fields": {"action_time": "2025-09-20T16:43:02.288Z", "user": 6, "content_type": 10, "object_id": "2", "object_repr": "iPhone 14 (PRD-CFEDDAAD)", "action_flag": 3, "change_message": ""}}, {"model": "admin.logentry", "pk": 42, "fields": {"action_time": "2025-09-20T16:43:02.288Z", "user": 6, "content_type": 10, "object_id": "1", "object_repr": "Tshirt (PRD-8BDE289E)", "action_flag": 3, "change_message": ""}}, {"model": "admin.logentry", "pk": 43, "fields": {"action_time": "2025-09-26T17:13:19.195Z", "user": 6, "content_type": 10, "object_id": "73", "object_repr": "Theragun Elite Massager (PRD-099E4267)", "action_flag": 3, "change_message": ""}}, {"model": "admin.logentry", "pk": 44, "fields": {"action_time": "2025-09-26T17:13:19.195Z", "user": 6, "content_type": 10, "object_id": "72", "object_repr": "Peloton Bike+ (PRD-89EB5D8B)", "action_flag": 3, "change_message": ""}}, {"model": "admin.logentry", "pk": 45, "fields": {"action_time": "2025-09-26T17:13:19.195Z", "user": 6, "content_type": 10, "object_id": "71", "object_repr": "Warby Parker Glasses (PRD-BB278456)", "action_flag": 3, "change_message": ""}}, {"model": "admin.logentry", "pk": 46, "fields": {"action_time": "2025-09-26T17:13:19.195Z", "user": 6, "content_type": 10, "object_id": "70", "object_repr": "Allbirds Tree Runners (PRD-88B61604)", "action_flag": 3, "change_message": ""}}, {"model": "admin.logentry", "pk": 47, "fields": {"action_time": "2025-09-26T17:13:19.196Z", "user": 6, "content_type": 10, "object_id": "69", "object_repr": "Hydro Flask Water Bottle (PRD-E6401589)", "action_flag": 3, "change_message": ""}}, {"model": "admin.logentry", "pk": 48, "fields": {"action_time": "2025-09-26T17:13:19.196Z", "user": 6, "content_type": 10, "object_id": "68", "object_repr": "Lodge Cast Iron Skillet (PRD-A57875AF)", "action_flag": 3, "change_message": ""}}, {"model": "admin.logentry", "pk": 49, "fields": {"action_time": "2025-09-26T17:13:19.196Z", "user": 6, "content_type": 10, "object_id": "67", "object_repr": "Vitamix Professional Blender (PRD-D0B25D5E)", "action_flag": 3, "change_message": ""}}, {"model": "admin.logentry", "pk": 50, "fields": {"action_time": "2025-09-26T17:13:19.196Z", "user": 6, "content_type": 10, "object_id": "66", "object_repr": "Herman Miller Aeron Chair (PRD-E56871A4)", "action_flag": 3, "change_message": ""}}, {"model": "admin.logentry", "pk": 51, "fields": {"action_time": "2025-09-26T17:13:19.196Z", "user": 6, "content_type": 10, "object_id": "65", "object_repr": "Samsung 55-inch 4K Smart TV (PRD-75881837)", "action_flag": 3, "change_message": ""}}, {"model": "admin.logentry", "pk": 52, "fields": {"action_time": "2025-09-26T17:13:19.196Z", "user": 6, "content_type": 10, "object_id": "64", "object_repr": "Apple Watch Series 9 (PRD-4F108DD2)", "action_flag": 3, "change_message": ""}}, {"model": "admin.logentry", "pk": 53, "fields": {"action_time": "2025-09-26T17:13:19.196Z", "user": 6, "content_type": 10, "object_id": "63", "object_repr": "Fitbit Charge 5 (PRD-C3CA3931)", "action_flag": 3, "change_message": ""}}, {"model": "admin.logentry", "pk": 54, "fields": {"action_time": "2025-09-26T17:13:19.196Z", "user": 6, "content_type": 10, "object_id": "62", "object_repr": "Converse Chuck Taylor All Star (PRD-1C4F2629)", "action_flag": 3, "change_message": ""}}, {"model": "admin.logentry", "pk": 55, "fields": {"action_time": "2025-09-26T17:13:19.196Z", "user": 6, "content_type": 10, "object_id": "61", "object_repr": "Under Armour Hoodie (PRD-5CFBB387)", "action_flag": 3, "change_message": ""}}, {"model": "admin.logentry", "pk": 56, "fields": {"action_time": "2025-09-26T17:13:19.196Z", "user": 6, "content_type": 10, "object_id": "60", "object_repr": "Patagonia Fleece Pullover (PRD-31E8F3B6)", "action_flag": 3, "change_message": ""}}, {"model": "admin.logentry", "pk": 57, "fields": {"action_time": "2025-09-26T17:13:19.196Z", "user": 6, "content_type": 10, "object_id": "59", "object_repr": "The North Face Puffer Jacket (PRD-017576EE)", "action_flag": 3, "change_message": ""}}, {"model": "admin.logentry", "pk": 58, "fields": {"action_time": "2025-09-26T17:13:19.196Z", "user": 6, "content_type": 10, "object_id": "58", "object_repr": "YETI Rambler Tumbler (PRD-5D04C2AC)", "action_flag": 3, "change_message": ""}}, {"model": "admin.logentry", "pk": 59, "fields": {"action_time": "2025-09-26T17:13:19.196Z", "user": 6, "content_type": 10, "object_id": "57", "object_repr": "Nespresso Vertuo Next (PRD-50FD71B9)", "action_flag": 3, "change_message": ""}}, {"model": "admin.logentry", "pk": 60, "fields": {"action_time": "2025-09-26T17:13:19.196Z", "user": 6, "content_type": 10, "object_id": "56", "object_repr": "KitchenAid Stand Mixer (PRD-A1ADEF00)", "action_flag": 3, "change_message": ""}}, {"model": "admin.logentry", "pk": 61, "fields": {"action_time": "2025-09-26T17:13:19.196Z", "user": 6, "content_type": 10, "object_id": "55", "object_repr": "Dyson V15 Detect (PRD-C600FC97)", "action_flag": 3, "change_message": ""}}, {"model": "admin.logentry", "pk": 62, "fields": {"action_time": "2025-09-26T17:13:19.196Z", "user": 6, "content_type": 10, "object_id": "54", "object_repr": "Instant Pot Duo 7-in-1 (PRD-711B6706)", "action_flag": 3, "change_message": ""}}, {"model": "admin.logentry", "pk": 63, "fields": {"action_time": "2025-09-26T17:13:19.196Z", "user": 6, "content_type": 10, "object_id": "53", "object_repr": "Xbox Series X (PRD-AEA2F719)", "action_flag": 3, "change_message": ""}}, {"model": "admin.logentry", "pk": 64, "fields": {"action_time": "2025-09-26T17:13:19.196Z", "user": 6, "content_type": 10, "object_id": "52", "object_repr": "PlayStation 5 (PRD-49FCC667)", "action_flag": 3, "change_message": ""}}, {"model": "admin.logentry", "pk": 65, "fields": {"action_time": "2025-09-26T17:13:19.196Z", "user": 6, "content_type": 10, "object_id": "51", "object_repr": "Nintendo Switch OLED (PRD-E55461BB)", "action_flag": 3, "change_message": ""}}, {"model": "admin.logentry", "pk": 66, "fields": {"action_time": "2025-09-26T17:13:19.196Z", "user": 6, "content_type": 10, "object_id": "50", "object_repr": "iPad Pro 12.9 (PRD-87A84141)", "action_flag": 3, "change_message": ""}}, {"model": "admin.logentry", "pk": 67, "fields": {"action_time": "2025-09-26T17:13:19.196Z", "user": 6, "content_type": 10, "object_id": "49", "object_repr": "Canon EOS R5 (PRD-D0448C2F)", "action_flag": 3, "change_message": ""}}, {"model": "admin.logentry", "pk": 68, "fields": {"action_time": "2025-09-26T17:13:19.196Z", "user": 6, "content_type": 10, "object_id": "48", "object_repr": "Ray-Ban Aviator Sunglasses (PRD-79D496A6)", "action_flag": 3, "change_message": ""}}, {"model": "admin.logentry", "pk": 69, "fields": {"action_time": "2025-09-26T17:13:19.196Z", "user": 6, "content_type": 10, "object_id": "47", "object_repr": "Levi's 501 Original Jeans (PRD-2ADA39E2)", "action_flag": 3, "change_message": ""}}, {"model": "admin.logentry", "pk": 70, "fields": {"action_time": "2025-09-26T17:13:19.196Z", "user": 6, "content_type": 10, "object_id": "46", "object_repr": "Adidas Ultraboost 22 (PRD-1E7AF5B7)", "action_flag": 3, "change_message": ""}}, {"model": "admin.logentry", "pk": 71, "fields": {"action_time": "2025-09-26T17:13:19.196Z", "user": 6, "content_type": 10, "object_id": "45", "object_repr": "Nike Air Max 270 (PRD-24DA9B7F)", "action_flag": 3, "change_message": ""}}, {"model": "admin.logentry", "pk": 72, "fields": {"action_time": "2025-09-26T17:13:19.196Z", "user": 6, "content_type": 10, "object_id": "44", "object_repr": "AirPods Pro 2nd Gen (PRD-5A038576)", "action_flag": 3, "change_message": ""}}, {"model": "admin.logentry", "pk": 73, "fields": {"action_time": "2025-09-26T17:13:19.196Z", "user": 6, "content_type": 10, "object_id": "43", "object_repr": "Sony WH-1000XM5 (PRD-6D49ADF2)", "action_flag": 3, "change_message": ""}}, {"model": "admin.logentry", "pk": 74, "fields": {"action_time": "2025-09-26T17:13:19.196Z", "user": 6, "content_type": 10, "object_id": "42", "object_repr": "Dell XPS 13 (PRD-B1ED8393)", "action_flag": 3, "change_message": ""}}, {"model": "admin.logentry", "pk": 75, "fields": {"action_time": "2025-09-26T17:13:19.196Z", "user": 6, "content_type": 10, "object_id": "41", "object_repr": "MacBook Air M3 (PRD-E6B60D4A)", "action_flag": 3, "change_message": ""}}, {"model": "admin.logentry", "pk": 76, "fields": {"action_time": "2025-09-26T17:13:19.196Z", "user": 6, "content_type": 10, "object_id": "40", "object_repr": "Samsung Galaxy S24 Ultra (PRD-3A06ACB2)", "action_flag": 3, "change_message": ""}}, {"model": "admin.logentry", "pk": 77, "fields": {"action_time": "2025-09-26T17:13:19.196Z", "user": 6, "content_type": 10, "object_id": "39", "object_repr": "iPhone 15 Pro (PRD-28ABAE29)", "action_flag": 3, "change_message": ""}}, {"model": "admin.logentry", "pk": 78, "fields": {"action_time": "2025-09-26T17:31:26.059Z", "user": 6, "content_type": 10, "object_id": "74", "object_repr": " (PRD-123AD4CE)", "action_flag": 3, "change_message": ""}}, {"model": "auth.permission", "pk": 1, "fields": {"name": "Can add log entry", "content_type": 1, "codename": "add_logentry"}}, {"model": "auth.permission", "pk": 2, "fields": {"name": "Can change log entry", "content_type": 1, "codename": "change_logentry"}}, {"model": "auth.permission", "pk": 3, "fields": {"name": "Can delete log entry", "content_type": 1, "codename": "delete_logentry"}}, {"model": "auth.permission", "pk": 4, "fields": {"name": "Can view log entry", "content_type": 1, "codename": "view_logentry"}}, {"model": "auth.permission", "pk": 5, "fields": {"name": "Can add permission", "content_type": 2, "codename": "add_permission"}}, {"model": "auth.permission", "pk": 6, "fields": {"name": "Can change permission", "content_type": 2, "codename": "change_permission"}}, {"model": "auth.permission", "pk": 7, "fields": {"name": "Can delete permission", "content_type": 2, "codename": "delete_permission"}}, {"model": "auth.permission", "pk": 8, "fields": {"name": "Can view permission", "content_type": 2, "codename": "view_permission"}}, {"model": "auth.permission", "pk": 9, "fields": {"name": "Can add group", "content_type": 3, "codename": "add_group"}}, {"model": "auth.permission", "pk": 10, "fields": {"name": "Can change group", "content_type": 3, "codename": "change_group"}}, {"model": "auth.permission", "pk": 11, "fields": {"name": "Can delete group", "content_type": 3, "codename": "delete_group"}}, {"model": "auth.permission", "pk": 12, "fields": {"name": "Can view group", "content_type": 3, "codename": "view_group"}}, {"model": "auth.permission", "pk": 13, "fields": {"name": "Can add user", "content_type": 4, "codename": "add_user"}}, {"model": "auth.permission", "pk": 14, "fields": {"name": "Can change user", "content_type": 4, "codename": "change_user"}}, {"model": "auth.permission", "pk": 15, "fields": {"name": "Can delete user", "content_type": 4, "codename": "delete_user"}}, {"model": "auth.permission", "pk": 16, "fields": {"name": "Can view user", "content_type": 4, "codename": "view_user"}}, {"model": "auth.permission", "pk": 17, "fields": {"name": "Can add content type", "content_type": 5, "codename": "add_contenttype"}}, {"model": "auth.permission", "pk": 18, "fields": {"name": "Can change content type", "content_type": 5, "codename": "change_contenttype"}}, {"model": "auth.permission", "pk": 19, "fields": {"name": "Can delete content type", "content_type": 5, "codename": "delete_contenttype"}}, {"model": "auth.permission", "pk": 20, "fields": {"name": "Can view content type", "content_type": 5, "codename": "view_contenttype"}}, {"model": "auth.permission", "pk": 21, "fields": {"name": "Can add session", "content_type": 6, "codename": "add_session"}}, {"model": "auth.permission", "pk": 22, "fields": {"name": "Can change session", "content_type": 6, "codename": "change_session"}}, {"model": "auth.permission", "pk": 23, "fields": {"name": "Can delete session", "content_type": 6, "codename": "delete_session"}}, {"model": "auth.permission", "pk": 24, "fields": {"name": "Can view session", "content_type": 6, "codename": "view_session"}}, {"model": "auth.permission", "pk": 25, "fields": {"name": "Can add customer profile", "content_type": 7, "codename": "add_customerprofile"}}, {"model": "auth.permission", "pk": 26, "fields": {"name": "Can change customer profile", "content_type": 7, "codename": "change_customerprofile"}}, {"model": "auth.permission", "pk": 27, "fields": {"name": "Can delete customer profile", "content_type": 7, "codename": "delete_customerprofile"}}, {"model": "auth.permission", "pk": 28, "fields": {"name": "Can view customer profile", "content_type": 7, "codename": "view_customerprofile"}}, {"model": "auth.permission", "pk": 29, "fields": {"name": "Can add brand", "content_type": 8, "codename": "add_brand"}}, {"model": "auth.permission", "pk": 30, "fields": {"name": "Can change brand", "content_type": 8, "codename": "change_brand"}}, {"model": "auth.permission", "pk": 31, "fields": {"name": "Can delete brand", "content_type": 8, "codename": "delete_brand"}}, {"model": "auth.permission", "pk": 32, "fields": {"name": "Can view brand", "content_type": 8, "codename": "view_brand"}}, {"model": "auth.permission", "pk": 33, "fields": {"name": "Can add category", "content_type": 9, "codename": "add_category"}}, {"model": "auth.permission", "pk": 34, "fields": {"name": "Can change category", "content_type": 9, "codename": "change_category"}}, {"model": "auth.permission", "pk": 35, "fields": {"name": "Can delete category", "content_type": 9, "codename": "delete_category"}}, {"model": "auth.permission", "pk": 36, "fields": {"name": "Can view category", "content_type": 9, "codename": "view_category"}}, {"model": "auth.permission", "pk": 37, "fields": {"name": "Can add product", "content_type": 10, "codename": "add_product"}}, {"model": "auth.permission", "pk": 38, "fields": {"name": "Can change product", "content_type": 10, "codename": "change_product"}}, {"model": "auth.permission", "pk": 39, "fields": {"name": "Can delete product", "content_type": 10, "codename": "delete_product"}}, {"model": "auth.permission", "pk": 40, "fields": {"name": "Can view product", "content_type": 10, "codename": "view_product"}}, {"model": "auth.permission", "pk": 41, "fields": {"name": "Can add product attribute", "content_type": 11, "codename": "add_productattribute"}}, {"model": "auth.permission", "pk": 42, "fields": {"name": "Can change product attribute", "content_type": 11, "codename": "change_productattribute"}}, {"model": "auth.permission", "pk": 43, "fields": {"name": "Can delete product attribute", "content_type": 11, "codename": "delete_productattribute"}}, {"model": "auth.permission", "pk": 44, "fields": {"name": "Can view product attribute", "content_type": 11, "codename": "view_productattribute"}}, {"model": "auth.permission", "pk": 45, "fields": {"name": "Can add product image", "content_type": 12, "codename": "add_productimage"}}, {"model": "auth.permission", "pk": 46, "fields": {"name": "Can change product image", "content_type": 12, "codename": "change_productimage"}}, {"model": "auth.permission", "pk": 47, "fields": {"name": "Can delete product image", "content_type": 12, "codename": "delete_productimage"}}, {"model": "auth.permission", "pk": 48, "fields": {"name": "Can view product image", "content_type": 12, "codename": "view_productimage"}}, {"model": "auth.permission", "pk": 49, "fields": {"name": "Can add product review", "content_type": 13, "codename": "add_productreview"}}, {"model": "auth.permission", "pk": 50, "fields": {"name": "Can change product review", "content_type": 13, "codename": "change_productreview"}}, {"model": "auth.permission", "pk": 51, "fields": {"name": "Can delete product review", "content_type": 13, "codename": "delete_productreview"}}, {"model": "auth.permission", "pk": 52, "fields": {"name": "Can view product review", "content_type": 13, "codename": "view_productreview"}}, {"model": "auth.permission", "pk": 53, "fields": {"name": "Can add product variant", "content_type": 14, "codename": "add_productvariant"}}, {"model": "auth.permission", "pk": 54, "fields": {"name": "Can change product variant", "content_type": 14, "codename": "change_productvariant"}}, {"model": "auth.permission", "pk": 55, "fields": {"name": "Can delete product variant", "content_type": 14, "codename": "delete_productvariant"}}, {"model": "auth.permission", "pk": 56, "fields": {"name": "Can view product variant", "content_type": 14, "codename": "view_productvariant"}}, {"model": "auth.permission", "pk": 57, "fields": {"name": "Can add Shopping Cart", "content_type": 15, "codename": "add_cart"}}, {"model": "auth.permission", "pk": 58, "fields": {"name": "Can change Shopping Cart", "content_type": 15, "codename": "change_cart"}}, {"model": "auth.permission", "pk": 59, "fields": {"name": "Can delete Shopping Cart", "content_type": 15, "codename": "delete_cart"}}, {"model": "auth.permission", "pk": 60, "fields": {"name": "Can view Shopping Cart", "content_type": 15, "codename": "view_cart"}}, {"model": "auth.permission", "pk": 61, "fields": {"name": "Can add Cart Item", "content_type": 16, "codename": "add_cartitem"}}, {"model": "auth.permission", "pk": 62, "fields": {"name": "Can change Cart Item", "content_type": 16, "codename": "change_cartitem"}}, {"model": "auth.permission", "pk": 63, "fields": {"name": "Can delete Cart Item", "content_type": 16, "codename": "delete_cartitem"}}, {"model": "auth.permission", "pk": 64, "fields": {"name": "Can view Cart Item", "content_type": 16, "codename": "view_cartitem"}}, {"model": "auth.permission", "pk": 65, "fields": {"name": "Can add order", "content_type": 17, "codename": "add_order"}}, {"model": "auth.permission", "pk": 66, "fields": {"name": "Can change order", "content_type": 17, "codename": "change_order"}}, {"model": "auth.permission", "pk": 67, "fields": {"name": "Can delete order", "content_type": 17, "codename": "delete_order"}}, {"model": "auth.permission", "pk": 68, "fields": {"name": "Can view order", "content_type": 17, "codename": "view_order"}}, {"model": "auth.permission", "pk": 69, "fields": {"name": "Can add Order Item", "content_type": 18, "codename": "add_orderitem"}}, {"model": "auth.permission", "pk": 70, "fields": {"name": "Can change Order Item", "content_type": 18, "codename": "change_orderitem"}}, {"model": "auth.permission", "pk": 71, "fields": {"name": "Can delete Order Item", "content_type": 18, "codename": "delete_orderitem"}}, {"model": "auth.permission", "pk": 72, "fields": {"name": "Can view Order Item", "content_type": 18, "codename": "view_orderitem"}}, {"model": "auth.permission", "pk": 73, "fields": {"name": "Can add Order Status History", "content_type": 19, "codename": "add_orderstatushistory"}}, {"model": "auth.permission", "pk": 74, "fields": {"name": "Can change Order Status History", "content_type": 19, "codename": "change_orderstatushistory"}}, {"model": "auth.permission", "pk": 75, "fields": {"name": "Can delete Order Status History", "content_type": 19, "codename": "delete_orderstatushistory"}}, {"model": "auth.permission", "pk": 76, "fields": {"name": "Can view Order Status History", "content_type": 19, "codename": "view_orderstatushistory"}}, {"model": "auth.permission", "pk": 77, "fields": {"name": "Can add transaction", "content_type": 20, "codename": "add_transaction"}}, {"model": "auth.permission", "pk": 78, "fields": {"name": "Can change transaction", "content_type": 20, "codename": "change_transaction"}}, {"model": "auth.permission", "pk": 79, "fields": {"name": "Can delete transaction", "content_type": 20, "codename": "delete_transaction"}}, {"model": "auth.permission", "pk": 80, "fields": {"name": "Can view transaction", "content_type": 20, "codename": "view_transaction"}}, {"model": "auth.permission", "pk": 81, "fields": {"name": "Can add Delivery Event", "content_type": 21, "codename": "add_deliveryevent"}}, {"model": "auth.permission", "pk": 82, "fields": {"name": "Can change Delivery Event", "content_type": 21, "codename": "change_deliveryevent"}}, {"model": "auth.permission", "pk": 83, "fields": {"name": "Can delete Delivery Event", "content_type": 21, "codename": "delete_deliveryevent"}}, {"model": "auth.permission", "pk": 84, "fields": {"name": "Can view Delivery Event", "content_type": 21, "codename": "view_deliveryevent"}}, {"model": "auth.user", "pk": 1, "fields": {"password": "pbkdf2_sha256$1000000$9FhuItqVJsbm8ZcvAhwXyO$sVoe1eFYsaiDpDh8c28oqzfHF7IXJwvHrzqhBEh6c/E=", "last_login": null, "is_superuser": false, "username": "testuser", "first_name": "", "last_name": "", "email": "test@example.com", "is_staff": false, "is_active": true, "date_joined": "2025-09-18T06:00:51.190Z", "groups": [], "user_permissions": []}}, {"model": "auth.user", "pk": 2, "fields": {"password": "pbkdf2_sha256$1000000$4LXGvWiHbTQGjMl5ebjxfP$O9fuIlzoWhzc9SDPvDlEPAmGmL1WPrQX/8Vm975pPKk=", "last_login": null, "is_superuser": false, "username": "aryan", "first_name": "Aaryan Dutt", "last_name": "Aaryan Dutt", "email": "aryan@gmail.com", "is_staff": false, "is_active": true, "date_joined": "2025-09-19T07:07:01.194Z", "groups": [], "user_permissions": []}}, {"model": "auth.user", "pk": 3, "fields": {"password": "pbkdf2_sha256$1000000$L3iBlOYk79uSFRUuSuU0xF$ka4lMYUw/G78g1f3smKiueeLMTU3b8q1bXeaZXi11uI=", "last_login": null, "is_superuser": false, "username": "admin", "first_name": "Aaryan Dutt", "last_name": "gaur", "email": "arushsharma2984@gmail.com", "is_staff": false, "is_active": true, "date_joined": "2025-09-19T07:15:02.377Z", "groups": [], "user_permissions": []}}, {"model": "auth.user", "pk": 4, "fields": {"password": "pbkdf2_sha256$1000000$t2VnBV6WZJlCvhQ75xrSPO$6yxLUslkVugwgo2Wa8t0qtxfwg8l53m9P08ZzsDswHg=", "last_login": null, "is_superuser": false, "username": "testuser2", "first_name": "ravi dutt", "last_name": "sharma", "email": "test2@gmail.com", "is_staff": false, "is_active": true, "date_joined": "2025-09-19T07:19:26.391Z", "groups": [], "user_permissions": []}}, {"model": "auth.user", "pk": 5, "fields": {"password": "pbkdf2_sha256$1000000$BtlkgaDw0jmAwzYFJvQFbM$LQTsfODU7UjBCwi5UCiYl0aobmUxhDBRRTHYLYTGkwU=", "last_login": null, "is_superuser": false, "username": "Testuser3", "first_name": "test", "last_name": "user", "email": "testuser@gmail.com", "is_staff": false, "is_active": true, "date_joined": "2025-09-19T07:43:42.955Z", "groups": [], "user_permissions": []}}, {"model": "auth.user", "pk": 6, "fields": {"password": "pbkdf2_sha256$1000000$bu1wQGingjhKCRtyIK6rE2$N78S8i1ZIp552ON1/qFDW8dJU4TJyRvnQbPOzrVATvw=", "last_login": "2025-09-28T11:21:54.377Z", "is_superuser": true, "username": "admin1", "first_name": "", "last_name": "", "email": "admin@gmail.com", "is_staff": true, "is_active": true, "date_joined": "2025-09-20T11:14:50.157Z", "groups": [], "user_permissions": []}}, {"model": "auth.user", "pk": 7, "fields": {"password": "pbkdf2_sha256$1000000$vZKOSwzMezPNzchTUQsHBN$jUb9Bj1bREjxzgnLNBkKne3gWBPnEYYa4pWARKGXszM=", "last_login": null, "is_superuser": false, "username": "testuser4", "first_name": "test", "last_name": "user", "email": "testuser4@gmail.com", "is_staff": false, "is_active": true, "date_joined": "2025-09-20T11:17:33.581Z", "groups": [], "user_permissions": []}}, {"model": "auth.user", "pk": 8, "fields": {"password": "pbkdf2_sha256$1000000$vflOLwp8C9MKYZZlfJyvW4$n27ujyVqwNJrdLolhp2II4/PeowBWk8OAOf4NckJXas=", "last_login": null, "is_superuser": false, "username": "divine", "first_name": "Divine", "last_name": "sharma", "email": "divine@gmail.com", "is_staff": false, "is_active": true, "date_joined": "2025-09-20T19:25:18.920Z", "groups": [], "user_permissions": []}}, {"model": "contenttypes.contenttype", "pk": 1, "fields": {"app_label": "admin", "model": "logentry"}}, {"model": "contenttypes.contenttype", "pk": 2, "fields": {"app_label": "auth", "model": "permission"}}, {"model": "contenttypes.contenttype", "pk": 3, "fields": {"app_label": "auth", "model": "group"}}, {"model": "contenttypes.contenttype", "pk": 4, "fields": {"app_label": "auth", "model": "user"}}, {"model": "contenttypes.contenttype", "pk": 5, "fields": {"app_label": "contenttypes", "model": "contenttype"}}, {"model": "contenttypes.contenttype", "pk": 6, "fields": {"app_label": "sessions", "model": "session"}}, {"model": "contenttypes.contenttype", "pk": 7, "fields": {"app_label": "UserAuth", "model": "customerprofile"}}, {"model": "contenttypes.contenttype", "pk": 8, "fields": {"app_label": "Product", "model": "brand"}}, {"model": "contenttypes.contenttype", "pk": 9, "fields": {"app_label": "Product", "model": "category"}}, {"model": "contenttypes.contenttype", "pk": 10, "fields": {"app_label": "Product", "model": "product"}}, {"model": "contenttypes.contenttype", "pk": 11, "fields": {"app_label": "Product", "model": "productattribute"}}, {"model": "contenttypes.contenttype", "pk": 12, "fields": {"app_label": "Product", "model": "productimage"}}, {"model": "contenttypes.contenttype", "pk": 13, "fields": {"app_label": "Product", "model": "productreview"}}, {"model": "contenttypes.contenttype", "pk": 14, "fields": {"app_label": "Product", "model": "productvariant"}}, {"model": "contenttypes.contenttype", "pk": 15, "fields": {"app_label": "Cart", "model": "cart"}}, {"model": "contenttypes.contenttype", "pk": 16, "fields": {"app_label": "Cart", "model": "cartitem"}}, {"model": "contenttypes.contenttype", "pk": 17, "fields": {"app_label": "Order", "model": "order"}}, {"model": "contenttypes.contenttype", "pk": 18, "fields": {"app_label": "Order", "model": "orderitem"}}, {"model": "contenttypes.contenttype", "pk": 19, "fields": {"app_label": "Order", "model": "orderstatushistory"}}, {"model": "contenttypes.contenttype", "pk": 20, "fields": {"app_label": "Order", "model": "transaction"}}, {"model": "contenttypes.contenttype", "pk": 21, "fields": {"app_label": "Order", "model": "deliveryevent"}}, {"model": "sessions.session", "pk": "3qh98rhrx1s6bsixrete142ain0tf84r", "fields": {"session_data": ".eJxVjDkOwjAUBe_iGlleEi-U9JzB8l-MA8iR4qRC3B0ipYD2zcx7iZS3taat85ImEmfhxOl3g4wPbjuge263WeLc1mUCuSvyoF1eZ-Ln5XD_Dmru9VsXHYtXBEwjoo6jYe1KGKJjoAEZHESwRkW0JljLFoJ3HqLxlpR3qMX7A_2lN-k:1v2Bzv:c_0nsi5md5VPKD1deNXTgrvcgI5EPzMwvrwhBJ_uBMw", "expire_date": "2025-10-10T17:12:43.641Z"}}, {"model": "sessions.session", "pk": "efzc5s89nnk0yfadioleteogc50uah4k", "fields": {"session_data": ".eJxVjDkOwjAUBe_iGlleEi-U9JzB8l-MA8iR4qRC3B0ipYD2zcx7iZS3taat85ImEmfhxOl3g4wPbjuge263WeLc1mUCuSvyoF1eZ-Ln5XD_Dmru9VsXHYtXBEwjoo6jYe1KGKJjoAEZHESwRkW0JljLFoJ3HqLxlpR3qMX7A_2lN-k:1v2pTW:-ieTRdRYHOJ-jkpIxiC2CkI_iv3uiff4Ttf79j1VZ44", "expire_date": "2025-10-12T11:21:54.384Z"}}, {"model": "sessions.session", "pk": "ev2mxcan6bpl64lp2acss6qu6ouvjpyj", "fields": {"session_data": ".eJxVjMsOwiAQRf-FtSGU5-DSvd9ABhikaiAp7cr479qkC93ec859sYDbWsM2aAlzZmdm2el3i5ge1HaQ79hunafe1mWOfFf4QQe_9kzPy-H-HVQc9Vsrk0DDBIWSjdKVJKSm6JUBzJa0RSTvtfFgJYGL5HUqxjghrIp5AmTvD-UKN8g:1uzvZD:0-AeuCOiHVslkzsS0Sj5Vrdx0hGempBCj_aZBMZdNNk", "expire_date": "2025-10-04T11:15:47.475Z"}}, {"model": "UserAuth.customerprofile", "pk": 1, "fields": {"user": 1, "customer_id": "CUST-6037FF4E", "extended_data": null, "created_at": "2025-09-20T11:10:29.557Z", "updated_at": "2025-09-20T11:10:29.567Z"}}, {"model": "UserAuth.customerprofile", "pk": 2, "fields": {"user": 2, "customer_id": "CUST-2CBDED6B", "extended_data": null, "created_at": "2025-09-20T11:10:29.557Z", "updated_at": "2025-09-20T11:10:29.567Z"}}, {"model": "UserAuth.customerprofile", "pk": 3, "fields": {"user": 3, "customer_id": "CUST-486D31B7", "extended_data": null, "created_at": "2025-09-20T11:10:29.557Z", "updated_at": "2025-09-20T11:10:29.567Z"}}, {"model": "UserAuth.customerprofile", "pk": 4, "fields": {"user": 4, "customer_id": "CUST-3F28797E", "extended_data": "", "created_at": "2025-09-20T11:10:29.557Z", "updated_at": "2025-09-20T11:16:14.621Z"}}, {"model": "UserAuth.customerprofile", "pk": 5, "fields": {"user": 5, "customer_id": "CUST-0DB66C53", "extended_data": "{\"phone\": \"07827248360\", \"date_of_birth\": \"2025-09-05\", \"gender\": \"male\", \"address\": {\"street\": \"Bahsh\", \"city\": \"Delhi\", \"state\": \"Delhi\", \"postal_code\": \"110032\", \"country\": \"India\"}}", "created_at": "2025-09-20T11:10:29.557Z", "updated_at": "2025-09-20T11:16:08.030Z"}}, {"model": "UserAuth.customerprofile", "pk": 6, "fields": {"user": 7, "customer_id": "CUST-4A4BFC7B", "extended_data": "{\"phone\": \"09555071767\", \"date_of_birth\": \"2025-09-04\", \"gender\": \"male\", \"address\": {\"street\": \"RAVI DUTT SHARMA,555/2KARKARI ROAD,VISHWAS NAGAR,DELHI-110032\", \"city\": \"Delh\", \"state\": \"India\", \"postal_code\": \"110051\", \"country\": \"India\"}}", "created_at": "2025-09-20T11:17:34.064Z", "updated_at": "2025-09-20T11:18:05.002Z"}}, {"model": "UserAuth.customerprofile", "pk": 7, "fields": {"user": 8, "customer_id": "CUST-12F878A3", "extended_data": "{\"phone\": \"09555071767\", \"date_of_birth\": \"2025-09-09\", \"gender\": \"male\", \"address\": {\"street\": \"555/2 karkari road,vishwas nagar,shahdara,delhi-110032\", \"city\": \"Delhi, NCT, India\", \"state\": \"Delhi\", \"postal_code\": \"110032\", \"country\": \"India\"}}", "created_at": "2025-09-20T19:25:19.377Z", "updated_at": "2025-09-21T07:38:53.388Z"}}, {"model": "Product.category", "pk": 1, "fields": {"name": "dOUBLE XL SHIRT", "description": "", "slug": "double-xl-shirt", "parent": null, "image": "", "is_active": true, "sort_order": 0, "created_at": "2025-09-20T12:45:32.808Z", "updated_at": "2025-09-20T12:45:32.808Z"}}, {"model": "Product.category", "pk": 2, "fields": {"name": "Electronics", "description": "", "slug": "electronics", "parent": null, "image": "", "is_active": true, "sort_order": 0, "created_at": "2025-09-20T13:03:13.675Z", "updated_at": "2025-09-20T13:03:13.675Z"}}, {"model": "Product.category", "pk": 3, "fields": {"name": "Clothing", "description": "", "slug": "clothing", "parent": null, "image": "", "is_active": true, "sort_order": 0, "created_at": "2025-09-20T13:03:13.723Z", "updated_at": "2025-09-20T13:03:13.723Z"}}, {"model": "Product.category", "pk": 4, "fields": {"name": "Activewear", "description": "", "slug": "activewear", "parent": null, "image": "", "is_active": true, "sort_order": 0, "created_at": "2025-09-20T13:14:31.098Z", "updated_at": "2025-09-20T13:14:31.098Z"}}, {"model": "Product.category", "pk": 5, "fields": {"name": "Shoes", "description": "", "slug": "shoes", "parent": null, "image": "", "is_active": true, "sort_order": 0, "created_at": "2025-09-20T13:14:35.003Z", "updated_at": "2025-09-20T13:14:35.003Z"}}, {"model": "Product.category", "pk": 6, "fields": {"name": "Accessories", "description": "", "slug": "accessories", "parent": null, "image": "", "is_active": true, "sort_order": 0, "created_at": "2025-09-20T13:14:37.971Z", "updated_at": "2025-09-20T13:14:37.971Z"}}, {"model": "Product.category", "pk": 7, "fields": {"name": "Beauty", "description": "", "slug": "beauty", "parent": null, "image": "", "is_active": true, "sort_order": 0, "created_at": "2025-09-20T13:14:43.347Z", "updated_at": "2025-09-20T13:14:43.347Z"}}, {"model": "Product.category", "pk": 8, "fields": {"name": "Fashion", "description": "", "slug": "fashion", "parent": null, "image": "", "is_active": true, "sort_order": 0, "created_at": "2025-09-20T16:44:23.671Z", "updated_at": "2025-09-20T16:44:23.671Z"}}, {"model": "Product.category", "pk": 9, "fields": {"name": "Gaming", "description": "", "slug": "gaming", "parent": null, "image": "", "is_active": true, "sort_order": 0, "created_at": "2025-09-20T16:44:30.622Z", "updated_at": "2025-09-20T16:44:30.622Z"}}, {"model": "Product.category", "pk": 10, "fields": {"name": "Home", "description": "", "slug": "home", "parent": null, "image": "", "is_active": true, "sort_order": 0, "created_at": "2025-09-20T16:44:33.872Z", "updated_at": "2025-09-20T16:44:33.872Z"}}, {"model": "Product.category", "pk": 11, "fields": {"name": "Fitness", "description": "", "slug": "fitness", "parent": null, "image": "", "is_active": true, "sort_order": 0, "created_at": "2025-09-20T16:45:06.456Z", "updated_at": "2025-09-20T16:45:06.456Z"}}, {"model": "Product.category", "pk": 12, "fields": {"name": "Jackets", "description": "", "slug": "jackets", "parent": null, "image": "", "is_active": true, "sort_order": 0, "created_at": "2025-09-26T17:26:59.803Z", "updated_at": "2025-09-26T17:26:59.803Z"}}, {"model": "Product.category", "pk": 13, "fields": {"name": "Dresses", "description": "", "slug": "dresses", "parent": null, "image": "", "is_active": true, "sort_order": 0, "created_at": "2025-09-26T17:27:01.444Z", "updated_at": "2025-09-26T17:27:01.444Z"}}, {"model": "Product.category", "pk": 14, "fields": {"name": "Hoodies", "description": "", "slug": "hoodies", "parent": null, "image": "", "is_active": true, "sort_order": 0, "created_at": "2025-09-26T17:27:01.453Z", "updated_at": "2025-09-26T17:27:01.453Z"}}, {"model": "Product.category", "pk": 15, "fields": {"name": "T-Shirts", "description": "", "slug": "t-shirts", "parent": null, "image": "", "is_active": true, "sort_order": 0, "created_at": "2025-09-26T17:27:01.463Z", "updated_at": "2025-09-26T17:27:01.463Z"}}, {"model": "Product.category", "pk": 16, "fields": {"name": "Jeans", "description": "", "slug": "jeans", "parent": null, "image": "", "is_active": true, "sort_order": 0, "created_at": "2025-09-26T17:27:01.473Z", "updated_at": "2025-09-26T17:27:01.473Z"}}, {"model": "Product.category", "pk": 17, "fields": {"name": "Pants", "description": "", "slug": "pants", "parent": null, "image": "", "is_active": true, "sort_order": 0, "created_at": "2025-09-26T17:32:30.980Z", "updated_at": "2025-09-26T17:32:30.980Z"}}, {"model": "Product.category", "pk": 18, "fields": {"name": "Shirts", "description": "", "slug": "shirts", "parent": null, "image": "", "is_active": true, "sort_order": 0, "created_at": "2025-09-26T17:32:31.838Z", "updated_at": "2025-09-26T17:32:31.838Z"}}, {"model": "Product.category", "pk": 19, "fields": {"name": "Shorts", "description": "", "slug": "shorts", "parent": null, "image": "", "is_active": true, "sort_order": 0, "created_at": "2025-09-26T17:32:33.638Z", "updated_at": "2025-09-26T17:32:33.638Z"}}, {"model": "Product.category", "pk": 20, "fields": {"name": "Blouses", "description": "", "slug": "blouses", "parent": null, "image": "", "is_active": true, "sort_order": 0, "created_at": "2025-09-26T17:32:34.336Z", "updated_at": "2025-09-26T17:32:34.336Z"}}, {"model": "Product.category", "pk": 21, "fields": {"name": "Sweatpants", "description": "", "slug": "sweatpants", "parent": null, "image": "", "is_active": true, "sort_order": 0, "created_at": "2025-09-26T17:32:35.523Z", "updated_at": "2025-09-26T17:32:35.523Z"}}, {"model": "Product.category", "pk": 22, "fields": {"name": "Tops", "description": "", "slug": "tops", "parent": null, "image": "", "is_active": true, "sort_order": 0, "created_at": "2025-09-26T17:32:35.982Z", "updated_at": "2025-09-26T17:32:35.982Z"}}, {"model": "Product.category", "pk": 23, "fields": {"name": "Skirts", "description": "", "slug": "skirts", "parent": null, "image": "", "is_active": true, "sort_order": 0, "created_at": "2025-09-26T17:32:39.873Z", "updated_at": "2025-09-26T17:32:39.873Z"}}, {"model": "Product.category", "pk": 24, "fields": {"name": "Sweaters", "description": "", "slug": "sweaters", "parent": null, "image": "", "is_active": true, "sort_order": 0, "created_at": "2025-09-26T17:32:45.332Z", "updated_at": "2025-09-26T17:32:45.332Z"}}, {"model": "Product.category", "pk": 25, "fields": {"name": "Tank Tops", "description": "", "slug": "tank-tops", "parent": null, "image": "", "is_active": true, "sort_order": 0, "created_at": "2025-09-26T17:32:46.079Z", "updated_at": "2025-09-26T17:32:46.079Z"}}, {"model": "Product.category", "pk": 26, "fields": {"name": "Cardigans", "description": "", "slug": "cardigans", "parent": null, "image": "", "is_active": true, "sort_order": 0, "created_at": "2025-09-26T17:32:46.381Z", "updated_at": "2025-09-26T17:32:46.381Z"}}, {"model": "Product.category", "pk": 27, "fields": {"name": "Coats", "description": "", "slug": "coats", "parent": null, "image": "", "is_active": true, "sort_order": 0, "created_at": "2025-09-26T17:32:48.450Z", "updated_at": "2025-09-26T17:32:48.451Z"}}, {"model": "Product.category", "pk": 28, "fields": {"name": "Polo Shirts", "description": "", "slug": "polo-shirts", "parent": null, "image": "", "is_active": true, "sort_order": 0, "created_at": "2025-09-26T17:32:48.682Z", "updated_at": "2025-09-26T17:32:48.683Z"}}, {"model": "Product.category", "pk": 29, "fields": {"name": "Leggings", "description": "", "slug": "leggings", "parent": null, "image": "", "is_active": true, "sort_order": 0, "created_at": "2025-09-26T17:32:49.015Z", "updated_at": "2025-09-26T17:32:49.015Z"}}, {"model": "Product.category", "pk": 30, "fields": {"name": "Blazers", "description": "", "slug": "blazers", "parent": null, "image": "", "is_active": true, "sort_order": 0, "created_at": "2025-09-26T17:32:49.273Z", "updated_at": "2025-09-26T17:32:49.273Z"}}, {"model": "Product.brand", "pk": 1, "fields": {"name": "Apple", "description": "", "logo": "", "website": "", "is_active": true, "created_at": "2025-09-20T13:03:13.682Z"}}, {"model": "Product.brand", "pk": 2, "fields": {"name": "Samsung", "description": "", "logo": "", "website": "", "is_active": true, "created_at": "2025-09-20T13:03:13.696Z"}}, {"model": "Product.brand", "pk": 3, "fields": {"name": "Dell", "description": "", "logo": "", "website": "", "is_active": true, "created_at": "2025-09-20T13:03:13.713Z"}}, {"model": "Product.brand", "pk": 4, "fields": {"name": "Nike", "description": "", "logo": "", "website": "", "is_active": true, "created_at": "2025-09-20T13:03:13.727Z"}}, {"model": "Product.brand", "pk": 5, "fields": {"name": "Adidas", "description": "", "logo": "", "website": "", "is_active": true, "created_at": "2025-09-20T13:03:13.738Z"}}, {"model": "Product.brand", "pk": 6, "fields": {"name": "Sony", "description": "", "logo": "", "website": "", "is_active": true, "created_at": "2025-09-20T13:03:13.748Z"}}, {"model": "Product.brand", "pk": 7, "fields": {"name": "Uniqlo", "description": "", "logo": "", "website": "", "is_active": true, "created_at": "2025-09-20T13:14:27.152Z"}}, {"model": "Product.brand", "pk": 8, "fields": {"name": "Zara", "description": "", "logo": "", "website": "", "is_active": true, "created_at": "2025-09-20T13:14:27.887Z"}}, {"model": "Product.brand", "pk": 9, "fields": {"name": "H&M", "description": "", "logo": "", "website": "", "is_active": true, "created_at": "2025-09-20T13:14:28.866Z"}}, {"model": "Product.brand", "pk": 10, "fields": {"name": "AllSaints", "description": "", "logo": "", "website": "", "is_active": true, "created_at": "2025-09-20T13:14:29.535Z"}}, {"model": "Product.brand", "pk": 11, "fields": {"name": "Everlane", "description": "", "logo": "", "website": "", "is_active": true, "created_at": "2025-09-20T13:14:30.242Z"}}, {"model": "Product.brand", "pk": 12, "fields": {"name": "Lululemon", "description": "", "logo": "", "website": "", "is_active": true, "created_at": "2025-09-20T13:14:31.105Z"}}, {"model": "Product.brand", "pk": 13, "fields": {"name": "Mango", "description": "", "logo": "", "website": "", "is_active": true, "created_at": "2025-09-20T13:14:32.198Z"}}, {"model": "Product.brand", "pk": 14, "fields": {"name": "Theory", "description": "", "logo": "", "website": "", "is_active": true, "created_at": "2025-09-20T13:14:32.817Z"}}, {"model": "Product.brand", "pk": 15, "fields": {"name": "COS", "description": "", "logo": "", "website": "", "is_active": true, "created_at": "2025-09-20T13:14:33.455Z"}}, {"model": "Product.brand", "pk": 16, "fields": {"name": "& Other Stories", "description": "", "logo": "", "website": "", "is_active": true, "created_at": "2025-09-20T13:14:34.219Z"}}, {"model": "Product.brand", "pk": 17, "fields": {"name": "Veja", "description": "", "logo": "", "website": "", "is_active": true, "created_at": "2025-09-20T13:14:35.011Z"}}, {"model": "Product.brand", "pk": 18, "fields": {"name": "Sam Edelman", "description": "", "logo": "", "website": "", "is_active": true, "created_at": "2025-09-20T13:14:36.053Z"}}, {"model": "Product.brand", "pk": 19, "fields": {"name": "Nine West", "description": "", "logo": "", "website": "", "is_active": true, "created_at": "2025-09-20T13:14:36.667Z"}}, {"model": "Product.brand", "pk": 20, "fields": {"name": "Steve Madden", "description": "", "logo": "", "website": "", "is_active": true, "created_at": "2025-09-20T13:14:37.618Z"}}, {"model": "Product.brand", "pk": 21, "fields": {"name": "Coach", "description": "", "logo": "", "website": "", "is_active": true, "created_at": "2025-09-20T13:14:37.977Z"}}, {"model": "Product.brand", "pk": 22, "fields": {"name": "BaubleBar", "description": "", "logo": "", "website": "", "is_active": true, "created_at": "2025-09-20T13:14:38.994Z"}}, {"model": "Product.brand", "pk": 23, "fields": {"name": "Pandora", "description": "", "logo": "", "website": "", "is_active": true, "created_at": "2025-09-20T13:14:39.604Z"}}, {"model": "Product.brand", "pk": 24, "fields": {"name": "Herms", "description": "", "logo": "", "website": "", "is_active": true, "created_at": "2025-09-20T13:14:40.030Z"}}, {"model": "Product.brand", "pk": 25, "fields": {"name": "Ralph Lauren", "description": "", "logo": "", "website": "", "is_active": true, "created_at": "2025-09-20T13:14:41.141Z"}}, {"model": "Product.brand", "pk": 26, "fields": {"name": "New Era", "description": "", "logo": "", "website": "", "is_active": true, "created_at": "2025-09-20T13:14:41.671Z"}}, {"model": "Product.brand", "pk": 27, "fields": {"name": "Ray-Ban", "description": "", "logo": "", "website": "", "is_active": true, "created_at": "2025-09-20T13:14:42.567Z"}}, {"model": "Product.brand", "pk": 28, "fields": {"name": "CeraVe", "description": "", "logo": "", "website": "", "is_active": true, "created_at": "2025-09-20T13:14:43.356Z"}}, {"model": "Product.brand", "pk": 29, "fields": {"name": "MAC", "description": "", "logo": "", "website": "", "is_active": true, "created_at": "2025-09-20T13:14:43.996Z"}}, {"model": "Product.brand", "pk": 30, "fields": {"name": "Fenty Beauty", "description": "", "logo": "", "website": "", "is_active": true, "created_at": "2025-09-20T13:14:44.648Z"}}, {"model": "Product.brand", "pk": 31, "fields": {"name": "Chanel", "description": "", "logo": "", "website": "", "is_active": true, "created_at": "2025-09-20T13:14:45.010Z"}}, {"model": "Product.brand", "pk": 32, "fields": {"name": "Moroccanoil", "description": "", "logo": "", "website": "", "is_active": true, "created_at": "2025-09-20T13:14:45.797Z"}}, {"model": "Product.brand", "pk": 33, "fields": {"name": "The Ordinary", "description": "", "logo": "", "website": "", "is_active": true, "created_at": "2025-09-20T13:14:46.186Z"}}, {"model": "Product.brand", "pk": 34, "fields": {"name": "OPI", "description": "", "logo": "", "website": "", "is_active": true, "created_at": "2025-09-20T13:14:46.550Z"}}, {"model": "Product.brand", "pk": 35, "fields": {"name": "Levi's", "description": "", "logo": "", "website": "", "is_active": true, "created_at": "2025-09-20T16:44:25.027Z"}}, {"model": "Product.brand", "pk": 36, "fields": {"name": "Canon", "description": "", "logo": "", "website": "", "is_active": true, "created_at": "2025-09-20T16:44:27.010Z"}}, {"model": "Product.brand", "pk": 37, "fields": {"name": "Nintendo", "description": "", "logo": "", "website": "", "is_active": true, "created_at": "2025-09-20T16:44:30.630Z"}}, {"model": "Product.brand", "pk": 38, "fields": {"name": "Microsoft", "description": "", "logo": "", "website": "", "is_active": true, "created_at": "2025-09-20T16:44:33.179Z"}}, {"model": "Product.brand", "pk": 39, "fields": {"name": "Instant Pot", "description": "", "logo": "", "website": "", "is_active": true, "created_at": "2025-09-20T16:44:33.880Z"}}, {"model": "Product.brand", "pk": 40, "fields": {"name": "Dyson", "description": "", "logo": "", "website": "", "is_active": true, "created_at": "2025-09-20T16:44:34.250Z"}}, {"model": "Product.brand", "pk": 41, "fields": {"name": "KitchenAid", "description": "", "logo": "", "website": "", "is_active": true, "created_at": "2025-09-20T16:44:34.947Z"}}, {"model": "Product.brand", "pk": 42, "fields": {"name": "Nespresso", "description": "", "logo": "", "website": "", "is_active": true, "created_at": "2025-09-20T16:44:35.921Z"}}, {"model": "Product.brand", "pk": 43, "fields": {"name": "YETI", "description": "", "logo": "", "website": "", "is_active": true, "created_at": "2025-09-20T16:44:36.572Z"}}, {"model": "Product.brand", "pk": 44, "fields": {"name": "The North Face", "description": "", "logo": "", "website": "", "is_active": true, "created_at": "2025-09-20T16:44:37.291Z"}}, {"model": "Product.brand", "pk": 45, "fields": {"name": "Patagonia", "description": "", "logo": "", "website": "", "is_active": true, "created_at": "2025-09-20T16:44:50.863Z"}}, {"model": "Product.brand", "pk": 46, "fields": {"name": "Under Armour", "description": "", "logo": "", "website": "", "is_active": true, "created_at": "2025-09-20T16:44:51.291Z"}}, {"model": "Product.brand", "pk": 47, "fields": {"name": "Converse", "description": "", "logo": "", "website": "", "is_active": true, "created_at": "2025-09-20T16:44:57.732Z"}}, {"model": "Product.brand", "pk": 48, "fields": {"name": "Fitbit", "description": "", "logo": "", "website": "", "is_active": true, "created_at": "2025-09-20T16:44:58.113Z"}}, {"model": "Product.brand", "pk": 49, "fields": {"name": "Herman Miller", "description": "", "logo": "", "website": "", "is_active": true, "created_at": "2025-09-20T16:45:00.494Z"}}, {"model": "Product.brand", "pk": 50, "fields": {"name": "Vitamix", "description": "", "logo": "", "website": "", "is_active": true, "created_at": "2025-09-20T16:45:01.211Z"}}, {"model": "Product.brand", "pk": 51, "fields": {"name": "Lodge", "description": "", "logo": "", "website": "", "is_active": true, "created_at": "2025-09-20T16:45:02.062Z"}}, {"model": "Product.brand", "pk": 52, "fields": {"name": "Hydro Flask", "description": "", "logo": "", "website": "", "is_active": true, "created_at": "2025-09-20T16:45:02.427Z"}}, {"model": "Product.brand", "pk": 53, "fields": {"name": "Allbirds", "description": "", "logo": "", "website": "", "is_active": true, "created_at": "2025-09-20T16:45:04.709Z"}}, {"model": "Product.brand", "pk": 54, "fields": {"name": "Warby Parker", "description": "", "logo": "", "website": "", "is_active": true, "created_at": "2025-09-20T16:45:05.443Z"}}, {"model": "Product.brand", "pk": 55, "fields": {"name": "Peloton", "description": "", "logo": "", "website": "", "is_active": true, "created_at": "2025-09-20T16:45:06.465Z"}}, {"model": "Product.brand", "pk": 56, "fields": {"name": "Therabody", "description": "", "logo": "", "website": "", "is_active": true, "created_at": "2025-09-20T16:45:08.315Z"}}, {"model": "Product.brand", "pk": 57, "fields": {"name": "BasicWear", "description": "", "logo": "", "website": "", "is_active": true, "created_at": "2025-09-26T17:32:27.291Z"}}, {"model": "Product.brand", "pk": 58, "fields": {"name": "DenimCo", "description": "", "logo": "", "website": "", "is_active": true, "created_at": "2025-09-26T17:32:27.706Z"}}, {"model": "Product.brand", "pk": 59, "fields": {"name": "LeatherLux", "description": "", "logo": "", "website": "", "is_active": true, "created_at": "2025-09-26T17:32:28.039Z"}}, {"model": "Product.brand", "pk": 60, "fields": {"name": "FashionForward", "description": "", "logo": "", "website": "", "is_active": true, "created_at": "2025-09-26T17:32:29.485Z"}}, {"model": "Product.brand", "pk": 61, "fields": {"name": "UrbanStyle", "description": "", "logo": "", "website": "", "is_active": true, "created_at": "2025-09-26T17:32:29.806Z"}}, {"model": "Product.brand", "pk": 62, "fields": {"name": "BusinessWear", "description": "", "logo": "", "website": "", "is_active": true, "created_at": "2025-09-26T17:32:30.988Z"}}, {"model": "Product.brand", "pk": 63, "fields": {"name": "OfficePro", "description": "", "logo": "", "website": "", "is_active": true, "created_at": "2025-09-26T17:32:31.844Z"}}, {"model": "Product.brand", "pk": 64, "fields": {"name": "OutdoorGear", "description": "", "logo": "", "website": "", "is_active": true, "created_at": "2025-09-26T17:32:33.645Z"}}, {"model": "Product.brand", "pk": 65, "fields": {"name": "ElegantWear", "description": "", "logo": "", "website": "", "is_active": true, "created_at": "2025-09-26T17:32:34.343Z"}}, {"model": "Product.brand", "pk": 66, "fields": {"name": "ActiveLife", "description": "", "logo": "", "website": "", "is_active": true, "created_at": "2025-09-26T17:32:35.531Z"}}, {"model": "Product.brand", "pk": 67, "fields": {"name": "MarineStyle", "description": "", "logo": "", "website": "", "is_active": true, "created_at": "2025-09-26T17:32:35.988Z"}}, {"model": "Product.brand", "pk": 68, "fields": {"name": "RetroStyle", "description": "", "logo": "", "website": "", "is_active": true, "created_at": "2025-09-26T17:32:38.834Z"}}, {"model": "Product.brand", "pk": 69, "fields": {"name": "YouthFashion", "description": "", "logo": "", "website": "", "is_active": true, "created_at": "2025-09-26T17:32:39.881Z"}}, {"model": "Product.brand", "pk": 70, "fields": {"name": "DenimClassic", "description": "", "logo": "", "website": "", "is_active": true, "created_at": "2025-09-26T17:32:40.931Z"}}, {"model": "Product.brand", "pk": 71, "fields": {"name": "SummerVibes", "description": "", "logo": "", "website": "", "is_active": true, "created_at": "2025-09-26T17:32:42.697Z"}}, {"model": "Product.brand", "pk": 72, "fields": {"name": "WinterWear", "description": "", "logo": "", "website": "", "is_active": true, "created_at": "2025-09-26T17:32:45.339Z"}}, {"model": "Product.brand", "pk": 73, "fields": {"name": "SmartCasual", "description": "", "logo": "", "website": "", "is_active": true, "created_at": "2025-09-26T17:32:45.736Z"}}, {"model": "Product.brand", "pk": 74, "fields": {"name": "Essentials", "description": "", "logo": "", "website": "", "is_active": true, "created_at": "2025-09-26T17:32:46.086Z"}}, {"model": "Product.brand", "pk": 75, "fields": {"name": "CozyKnits", "description": "", "logo": "", "website": "", "is_active": true, "created_at": "2025-09-26T17:32:46.389Z"}}, {"model": "Product.brand", "pk": 76, "fields": {"name": "FitLife", "description": "", "logo": "", "website": "", "is_active": true, "created_at": "2025-09-26T17:32:46.667Z"}}, {"model": "Product.brand", "pk": 77, "fields": {"name": "CountryStyle", "description": "", "logo": "", "website": "", "is_active": true, "created_at": "2025-09-26T17:32:47.756Z"}}, {"model": "Product.brand", "pk": 78, "fields": {"name": "BohoChic", "description": "", "logo": "", "website": "", "is_active": true, "created_at": "2025-09-26T17:32:48.072Z"}}, {"model": "Product.brand", "pk": 79, "fields": {"name": "WinterElegance", "description": "", "logo": "", "website": "", "is_active": true, "created_at": "2025-09-26T17:32:48.457Z"}}, {"model": "Product.brand", "pk": 80, "fields": {"name": "SportClassic", "description": "", "logo": "", "website": "", "is_active": true, "created_at": "2025-09-26T17:32:48.689Z"}}, {"model": "Product.brand", "pk": 81, "fields": {"name": "ComfortFit", "description": "", "logo": "", "website": "", "is_active": true, "created_at": "2025-09-26T17:32:49.021Z"}}, {"model": "Product.brand", "pk": 82, "fields": {"name": "LuxuryWear", "description": "", "logo": "", "website": "", "is_active": true, "created_at": "2025-09-26T17:32:49.280Z"}}, {"model": "Product.brand", "pk": 83, "fields": {"name": "SummerBreeze", "description": "", "logo": "", "website": "", "is_active": true, "created_at": "2025-09-26T17:32:49.643Z"}}, {"model": "Product.brand", "pk": 84, "fields": {"name": "MilitaryStyle", "description": "", "logo": "", "website": "", "is_active": true, "created_at": "2025-09-26T17:32:50.004Z"}}, {"model": "Product.brand", "pk": 85, "fields": {"name": "CashmereLux", "description": "", "logo": "", "website": "", "is_active": true, "created_at": "2025-09-26T17:32:50.355Z"}}, {"model": "Product.brand", "pk": 86, "fields": {"name": "ModernDenim", "description": "", "logo": "", "website": "", "is_active": true, "created_at": "2025-09-26T17:32:51.063Z"}}, {"model": "Product.product", "pk": 75, "fields": {"name": "Classic White Cotton T-Shirt", "description": "Premium 100% cotton t-shirt with comfortable fit and breathable fabric", "short_description": "Classic white cotton tee", "sku": "PRD-F6B86ADF", "slug": "classic-white-cotton-t-shirt", "category": 15, "brand": 57, "tags": "t-shirt,cotton,white,casual", "price": "19.99", "compare_price": "29.99", "cost_price": null, "track_quantity": true, "quantity": 100, "low_stock_threshold": 5, "allow_backorder": false, "weight": "0.200", "length": null, "width": null, "height": null, "meta_title": "", "meta_description": "", "featured": true, "is_active": true, "is_digital": false, "requires_shipping": true, "created_at": "2025-09-26T17:32:27.297Z", "updated_at": "2025-09-26T17:32:27.297Z", "published_at": null}}, {"model": "Product.product", "pk": 76, "fields": {"name": "Blue Denim Jeans Regular Fit", "description": "Classic blue denim jeans with regular fit and five-pocket styling", "short_description": "Regular fit blue denim jeans", "sku": "PRD-E48A840B", "slug": "blue-denim-jeans-regular-fit", "category": 16, "brand": 58, "tags": "jeans,denim,blue,regular fit", "price": "59.99", "compare_price": "79.99", "cost_price": null, "track_quantity": true, "quantity": 75, "low_stock_threshold": 5, "allow_backorder": false, "weight": "0.600", "length": null, "width": null, "height": null, "meta_title": "", "meta_description": "", "featured": true, "is_active": true, "is_digital": false, "requires_shipping": true, "created_at": "2025-09-26T17:32:27.712Z", "updated_at": "2025-09-26T17:32:27.712Z", "published_at": null}}, {"model": "Product.product", "pk": 77, "fields": {"name": "Black Leather Jacket Vintage", "description": "Genuine leather jacket with vintage styling and quilted shoulders", "short_description": "Vintage black leather jacket", "sku": "PRD-475AB66A", "slug": "black-leather-jacket-vintage", "category": 12, "brand": 59, "tags": "jacket,leather,black,vintage", "price": "199.99", "compare_price": "249.99", "cost_price": null, "track_quantity": true, "quantity": 25, "low_stock_threshold": 5, "allow_backorder": false, "weight": "1.200", "length": null, "width": null, "height": null, "meta_title": "", "meta_description": "", "featured": true, "is_active": true, "is_digital": false, "requires_shipping": true, "created_at": "2025-09-26T17:32:28.045Z", "updated_at": "2025-09-26T17:32:28.045Z", "published_at": null}}, {"model": "Product.product", "pk": 78, "fields": {"name": "Red Summer Dress Floral", "description": "Beautiful floral print summer dress perfect for casual occasions", "short_description": "Floral print summer dress", "sku": "PRD-6C42F8F7", "slug": "red-summer-dress-floral", "category": 13, "brand": 60, "tags": "dress,summer,floral,red", "price": "45.99", "compare_price": "65.99", "cost_price": null, "track_quantity": true, "quantity": 40, "low_stock_threshold": 5, "allow_backorder": false, "weight": "0.300", "length": null, "width": null, "height": null, "meta_title": "", "meta_description": "", "featured": true, "is_active": true, "is_digital": false, "requires_shipping": true, "created_at": "2025-09-26T17:32:29.491Z", "updated_at": "2025-09-26T17:32:29.491Z", "published_at": null}}, {"model": "Product.product", "pk": 79, "fields": {"name": "Navy Blue Hoodie Pullover", "description": "Comfortable cotton blend hoodie with kangaroo pocket", "short_description": "Navy cotton blend hoodie", "sku": "PRD-E5D69899", "slug": "navy-blue-hoodie-pullover", "category": 14, "brand": 61, "tags": "hoodie,navy,cotton,pullover", "price": "39.99", "compare_price": "54.99", "cost_price": null, "track_quantity": true, "quantity": 60, "low_stock_threshold": 5, "allow_backorder": false, "weight": "0.500", "length": null, "width": null, "height": null, "meta_title": "", "meta_description": "", "featured": false, "is_active": true, "is_digital": false, "requires_shipping": true, "created_at": "2025-09-26T17:32:29.812Z", "updated_at": "2025-09-26T17:32:29.812Z", "published_at": null}}, {"model": "Product.product", "pk": 80, "fields": {"name": "Black Formal Pants Slim", "description": "Slim-fit formal pants perfect for office and business meetings", "short_description": "Slim-fit black formal pants", "sku": "PRD-65CC64C7", "slug": "black-formal-pants-slim", "category": 17, "brand": 62, "tags": "pants,formal,black,slim fit", "price": "49.99", "compare_price": "69.99", "cost_price": null, "track_quantity": true, "quantity": 50, "low_stock_threshold": 5, "allow_backorder": false, "weight": "0.400", "length": null, "width": null, "height": null, "meta_title": "", "meta_description": "", "featured": true, "is_active": true, "is_digital": false, "requires_shipping": true, "created_at": "2025-09-26T17:32:30.993Z", "updated_at": "2025-09-26T17:32:30.993Z", "published_at": null}}, {"model": "Product.product", "pk": 81, "fields": {"name": "White Button Down Shirt", "description": "Classic white button-down shirt with long sleeves", "short_description": "Classic white button-down shirt", "sku": "PRD-CD3F1332", "slug": "white-button-down-shirt", "category": 18, "brand": 63, "tags": "shirt,white,button down,formal", "price": "34.99", "compare_price": "44.99", "cost_price": null, "track_quantity": true, "quantity": 80, "low_stock_threshold": 5, "allow_backorder": false, "weight": "0.300", "length": null, "width": null, "height": null, "meta_title": "", "meta_description": "", "featured": true, "is_active": true, "is_digital": false, "requires_shipping": true, "created_at": "2025-09-26T17:32:31.848Z", "updated_at": "2025-09-26T17:32:31.848Z", "published_at": null}}, {"model": "Product.product", "pk": 82, "fields": {"name": "Green Cargo Shorts Summer", "description": "Comfortable cargo shorts with multiple pockets", "short_description": "Green cargo shorts with pockets", "sku": "PRD-04941508", "slug": "green-cargo-shorts-summer", "category": 19, "brand": 64, "tags": "shorts,cargo,green,summer", "price": "29.99", "compare_price": "39.99", "cost_price": null, "track_quantity": true, "quantity": 70, "low_stock_threshold": 5, "allow_backorder": false, "weight": "0.300", "length": null, "width": null, "height": null, "meta_title": "", "meta_description": "", "featured": false, "is_active": true, "is_digital": false, "requires_shipping": true, "created_at": "2025-09-26T17:32:33.651Z", "updated_at": "2025-09-26T17:32:33.651Z", "published_at": null}}, {"model": "Product.product", "pk": 83, "fields": {"name": "Pink Blouse Chiffon Elegant", "description": "Elegant chiffon blouse perfect for formal occasions", "short_description": "Elegant pink chiffon blouse", "sku": "PRD-9A4F0EBB", "slug": "pink-blouse-chiffon-elegant", "category": 20, "brand": 65, "tags": "blouse,pink,chiffon,elegant", "price": "55.99", "compare_price": "75.99", "cost_price": null, "track_quantity": true, "quantity": 30, "low_stock_threshold": 5, "allow_backorder": false, "weight": "0.200", "length": null, "width": null, "height": null, "meta_title": "", "meta_description": "", "featured": true, "is_active": true, "is_digital": false, "requires_shipping": true, "created_at": "2025-09-26T17:32:34.349Z", "updated_at": "2025-09-26T17:32:34.349Z", "published_at": null}}, {"model": "Product.product", "pk": 84, "fields": {"name": "Gray Sweatpants Joggers", "description": "Comfortable jogger sweatpants for casual wear and workouts", "short_description": "Gray jogger sweatpants", "sku": "PRD-6A564539", "slug": "gray-sweatpants-joggers", "category": 21, "brand": 66, "tags": "sweatpants,gray,joggers,casual", "price": "24.99", "compare_price": "34.99", "cost_price": null, "track_quantity": true, "quantity": 90, "low_stock_threshold": 5, "allow_backorder": false, "weight": "0.400", "length": null, "width": null, "height": null, "meta_title": "", "meta_description": "", "featured": false, "is_active": true, "is_digital": false, "requires_shipping": true, "created_at": "2025-09-26T17:32:35.537Z", "updated_at": "2025-09-26T17:32:35.537Z", "published_at": null}}, {"model": "Product.product", "pk": 85, "fields": {"name": "Striped Long Sleeve Top", "description": "Classic striped long sleeve top in navy and white", "short_description": "Navy white striped long sleeve", "sku": "PRD-FBDA2E54", "slug": "striped-long-sleeve-top", "category": 22, "brand": 67, "tags": "top,striped,long sleeve,navy", "price": "32.99", "compare_price": "42.99", "cost_price": null, "track_quantity": true, "quantity": 65, "low_stock_threshold": 5, "allow_backorder": false, "weight": "0.250", "length": null, "width": null, "height": null, "meta_title": "", "meta_description": "", "featured": true, "is_active": true, "is_digital": false, "requires_shipping": true, "created_at": "2025-09-26T17:32:35.994Z", "updated_at": "2025-09-26T17:32:35.994Z", "published_at": null}}, {"model": "Product.product", "pk": 86, "fields": {"name": "Brown Corduroy Jacket Vintage", "description": "Vintage-style corduroy jacket with button closure", "short_description": "Vintage brown corduroy jacket", "sku": "PRD-85F3E432", "slug": "brown-corduroy-jacket-vintage", "category": 12, "brand": 68, "tags": "jacket,corduroy,brown,vintage", "price": "89.99", "compare_price": "119.99", "cost_price": null, "track_quantity": true, "quantity": 20, "low_stock_threshold": 5, "allow_backorder": false, "weight": "0.800", "length": null, "width": null, "height": null, "meta_title": "", "meta_description": "", "featured": true, "is_active": true, "is_digital": false, "requires_shipping": true, "created_at": "2025-09-26T17:32:38.840Z", "updated_at": "2025-09-26T17:32:38.840Z", "published_at": null}}, {"model": "Product.product", "pk": 87, "fields": {"name": "Black Mini Skirt Pleated", "description": "Classic pleated mini skirt perfect for any occasion", "short_description": "Black pleated mini skirt", "sku": "PRD-761D78F4", "slug": "black-mini-skirt-pleated", "category": 23, "brand": 69, "tags": "skirt,black,mini,pleated", "price": "35.99", "compare_price": "45.99", "cost_price": null, "track_quantity": true, "quantity": 55, "low_stock_threshold": 5, "allow_backorder": false, "weight": "0.200", "length": null, "width": null, "height": null, "meta_title": "", "meta_description": "", "featured": false, "is_active": true, "is_digital": false, "requires_shipping": true, "created_at": "2025-09-26T17:32:39.887Z", "updated_at": "2025-09-26T17:32:39.887Z", "published_at": null}}, {"model": "Product.product", "pk": 88, "fields": {"name": "Denim Jacket Light Blue", "description": "Classic light blue denim jacket with button closure", "short_description": "Light blue denim jacket", "sku": "PRD-064ACE56", "slug": "denim-jacket-light-blue", "category": 12, "brand": 70, "tags": "jacket,denim,light blue,classic", "price": "69.99", "compare_price": "89.99", "cost_price": null, "track_quantity": true, "quantity": 35, "low_stock_threshold": 5, "allow_backorder": false, "weight": "0.700", "length": null, "width": null, "height": null, "meta_title": "", "meta_description": "", "featured": true, "is_active": true, "is_digital": false, "requires_shipping": true, "created_at": "2025-09-26T17:32:40.938Z", "updated_at": "2025-09-26T17:32:40.938Z", "published_at": null}}, {"model": "Product.product", "pk": 89, "fields": {"name": "Yellow Sundress Cotton", "description": "Bright yellow cotton sundress perfect for summer", "short_description": "Bright yellow cotton sundress", "sku": "PRD-A16D6451", "slug": "yellow-sundress-cotton", "category": 13, "brand": 71, "tags": "dress,yellow,cotton,sundress", "price": "42.99", "compare_price": "59.99", "cost_price": null, "track_quantity": true, "quantity": 45, "low_stock_threshold": 5, "allow_backorder": false, "weight": "0.300", "length": null, "width": null, "height": null, "meta_title": "", "meta_description": "", "featured": true, "is_active": true, "is_digital": false, "requires_shipping": true, "created_at": "2025-09-26T17:32:42.703Z", "updated_at": "2025-09-26T17:32:42.703Z", "published_at": null}}, {"model": "Product.product", "pk": 90, "fields": {"name": "Black Turtleneck Sweater", "description": "Warm black turtleneck sweater for cold weather", "short_description": "Black wool turtleneck sweater", "sku": "PRD-5C509FE0", "slug": "black-turtleneck-sweater", "category": 24, "brand": 72, "tags": "sweater,black,turtleneck,wool", "price": "54.99", "compare_price": "74.99", "cost_price": null, "track_quantity": true, "quantity": 40, "low_stock_threshold": 5, "allow_backorder": false, "weight": "0.400", "length": null, "width": null, "height": null, "meta_title": "", "meta_description": "", "featured": true, "is_active": true, "is_digital": false, "requires_shipping": true, "created_at": "2025-09-26T17:32:45.345Z", "updated_at": "2025-09-26T17:32:45.345Z", "published_at": null}}, {"model": "Product.product", "pk": 91, "fields": {"name": "Khaki Chinos Slim Fit", "description": "Slim-fit khaki chinos for smart casual look", "short_description": "Slim-fit khaki chino pants", "sku": "PRD-47C02150", "slug": "khaki-chinos-slim-fit", "category": 17, "brand": 73, "tags": "chinos,khaki,slim fit,casual", "price": "44.99", "compare_price": "59.99", "cost_price": null, "track_quantity": true, "quantity": 60, "low_stock_threshold": 5, "allow_backorder": false, "weight": "0.400", "length": null, "width": null, "height": null, "meta_title": "", "meta_description": "", "featured": false, "is_active": true, "is_digital": false, "requires_shipping": true, "created_at": "2025-09-26T17:32:45.742Z", "updated_at": "2025-09-26T17:32:45.742Z", "published_at": null}}, {"model": "Product.product", "pk": 92, "fields": {"name": "White Tank Top Basic", "description": "Basic white tank top made from soft cotton", "short_description": "Basic white cotton tank top", "sku": "PRD-8556E1CE", "slug": "white-tank-top-basic", "category": 25, "brand": 74, "tags": "tank top,white,cotton,basic", "price": "15.99", "compare_price": "22.99", "cost_price": null, "track_quantity": true, "quantity": 120, "low_stock_threshold": 5, "allow_backorder": false, "weight": "0.100", "length": null, "width": null, "height": null, "meta_title": "", "meta_description": "", "featured": false, "is_active": true, "is_digital": false, "requires_shipping": true, "created_at": "2025-09-26T17:32:46.092Z", "updated_at": "2025-09-26T17:32:46.092Z", "published_at": null}}, {"model": "Product.product", "pk": 93, "fields": {"name": "Purple Cardigan Knitted", "description": "Cozy knitted cardigan in beautiful purple color", "short_description": "Purple knitted cardigan", "sku": "PRD-FFAC7000", "slug": "purple-cardigan-knitted", "category": 26, "brand": 75, "tags": "cardigan,purple,knitted,cozy", "price": "67.99", "compare_price": "87.99", "cost_price": null, "track_quantity": true, "quantity": 25, "low_stock_threshold": 5, "allow_backorder": false, "weight": "0.500", "length": null, "width": null, "height": null, "meta_title": "", "meta_description": "", "featured": true, "is_active": true, "is_digital": false, "requires_shipping": true, "created_at": "2025-09-26T17:32:46.394Z", "updated_at": "2025-09-26T17:32:46.394Z", "published_at": null}}, {"model": "Product.product", "pk": 94, "fields": {"name": "Black Yoga Pants Stretchy", "description": "High-waisted stretchy yoga pants for active wear", "short_description": "Black stretchy yoga pants", "sku": "PRD-CD30F8CE", "slug": "black-yoga-pants-stretchy", "category": 4, "brand": 76, "tags": "yoga pants,black,stretchy,activewear", "price": "28.99", "compare_price": "38.99", "cost_price": null, "track_quantity": true, "quantity": 85, "low_stock_threshold": 5, "allow_backorder": false, "weight": "0.300", "length": null, "width": null, "height": null, "meta_title": "", "meta_description": "", "featured": true, "is_active": true, "is_digital": false, "requires_shipping": true, "created_at": "2025-09-26T17:32:46.673Z", "updated_at": "2025-09-26T17:32:46.673Z", "published_at": null}}, {"model": "Product.product", "pk": 95, "fields": {"name": "Red Flannel Shirt Checkered", "description": "Classic red checkered flannel shirt for casual wear", "short_description": "Red checkered flannel shirt", "sku": "PRD-1907403F", "slug": "red-flannel-shirt-checkered", "category": 18, "brand": 77, "tags": "shirt,flannel,red,checkered", "price": "38.99", "compare_price": "52.99", "cost_price": null, "track_quantity": true, "quantity": 50, "low_stock_threshold": 5, "allow_backorder": false, "weight": "0.400", "length": null, "width": null, "height": null, "meta_title": "", "meta_description": "", "featured": false, "is_active": true, "is_digital": false, "requires_shipping": true, "created_at": "2025-09-26T17:32:47.763Z", "updated_at": "2025-09-26T17:32:47.763Z", "published_at": null}}, {"model": "Product.product", "pk": 96, "fields": {"name": "Blue Maxi Dress Bohemian", "description": "Flowing bohemian-style maxi dress in blue", "short_description": "Blue bohemian maxi dress", "sku": "PRD-E17B9B91", "slug": "blue-maxi-dress-bohemian", "category": 13, "brand": 78, "tags": "dress,maxi,blue,bohemian", "price": "72.99", "compare_price": "95.99", "cost_price": null, "track_quantity": true, "quantity": 30, "low_stock_threshold": 5, "allow_backorder": false, "weight": "0.400", "length": null, "width": null, "height": null, "meta_title": "", "meta_description": "", "featured": true, "is_active": true, "is_digital": false, "requires_shipping": true, "created_at": "2025-09-26T17:32:48.078Z", "updated_at": "2025-09-26T17:32:48.078Z", "published_at": null}}, {"model": "Product.product", "pk": 97, "fields": {"name": "Gray Wool Coat Winter", "description": "Elegant gray wool coat for winter weather", "short_description": "Gray wool winter coat", "sku": "PRD-699B2FA3", "slug": "gray-wool-coat-winter", "category": 27, "brand": 79, "tags": "coat,gray,wool,winter", "price": "149.99", "compare_price": "199.99", "cost_price": null, "track_quantity": true, "quantity": 15, "low_stock_threshold": 5, "allow_backorder": false, "weight": "1.500", "length": null, "width": null, "height": null, "meta_title": "", "meta_description": "", "featured": true, "is_active": true, "is_digital": false, "requires_shipping": true, "created_at": "2025-09-26T17:32:48.464Z", "updated_at": "2025-09-26T17:32:48.464Z", "published_at": null}}, {"model": "Product.product", "pk": 98, "fields": {"name": "White Polo Shirt Classic", "description": "Classic white polo shirt with collar and buttons", "short_description": "Classic white polo shirt", "sku": "PRD-7903AA2B", "slug": "white-polo-shirt-classic", "category": 28, "brand": 80, "tags": "polo,white,classic,collar", "price": "31.99", "compare_price": "41.99", "cost_price": null, "track_quantity": true, "quantity": 70, "low_stock_threshold": 5, "allow_backorder": false, "weight": "0.200", "length": null, "width": null, "height": null, "meta_title": "", "meta_description": "", "featured": false, "is_active": true, "is_digital": false, "requires_shipping": true, "created_at": "2025-09-26T17:32:48.695Z", "updated_at": "2025-09-26T17:32:48.695Z", "published_at": null}}, {"model": "Product.product", "pk": 99, "fields": {"name": "Black Leggings High Waisted", "description": "High-waisted black leggings for comfort and style", "short_description": "High-waisted black leggings", "sku": "PRD-D8374C72", "slug": "black-leggings-high-waisted", "category": 29, "brand": 81, "tags": "leggings,black,high waisted,stretchy", "price": "22.99", "compare_price": "29.99", "cost_price": null, "track_quantity": true, "quantity": 100, "low_stock_threshold": 5, "allow_backorder": false, "weight": "0.200", "length": null, "width": null, "height": null, "meta_title": "", "meta_description": "", "featured": true, "is_active": true, "is_digital": false, "requires_shipping": true, "created_at": "2025-09-26T17:32:49.027Z", "updated_at": "2025-09-26T17:32:49.027Z", "published_at": null}}, {"model": "Product.product", "pk": 100, "fields": {"name": "Burgundy Velvet Blazer", "description": "Luxurious burgundy velvet blazer for special occasions", "short_description": "Burgundy velvet blazer", "sku": "PRD-1FAE9239", "slug": "burgundy-velvet-blazer", "category": 30, "brand": 82, "tags": "blazer,burgundy,velvet,luxury", "price": "95.99", "compare_price": "125.99", "cost_price": null, "track_quantity": true, "quantity": 18, "low_stock_threshold": 5, "allow_backorder": false, "weight": "0.600", "length": null, "width": null, "height": null, "meta_title": "", "meta_description": "", "featured": true, "is_active": true, "is_digital": false, "requires_shipping": true, "created_at": "2025-09-26T17:32:49.287Z", "updated_at": "2025-09-26T17:32:49.287Z", "published_at": null}}, {"model": "Product.product", "pk": 101, "fields": {"name": "White Linen Pants Summer", "description": "Lightweight white linen pants perfect for summer", "short_description": "White linen summer pants", "sku": "PRD-50836AF0", "slug": "white-linen-pants-summer", "category": 17, "brand": 83, "tags": "pants,white,linen,summer", "price": "48.99", "compare_price": "64.99", "cost_price": null, "track_quantity": true, "quantity": 40, "low_stock_threshold": 5, "allow_backorder": false, "weight": "0.300", "length": null, "width": null, "height": null, "meta_title": "", "meta_description": "", "featured": true, "is_active": true, "is_digital": false, "requires_shipping": true, "created_at": "2025-09-26T17:32:49.649Z", "updated_at": "2025-09-26T17:32:49.649Z", "published_at": null}}, {"model": "Product.product", "pk": 102, "fields": {"name": "Green Military Jacket", "description": "Stylish military-inspired jacket in olive green", "short_description": "Olive green military jacket", "sku": "PRD-36F4B108", "slug": "green-military-jacket", "category": 12, "brand": 84, "tags": "jacket,green,military,olive", "price": "79.99", "compare_price": "105.99", "cost_price": null, "track_quantity": true, "quantity": 22, "low_stock_threshold": 5, "allow_backorder": false, "weight": "0.900", "length": null, "width": null, "height": null, "meta_title": "", "meta_description": "", "featured": false, "is_active": true, "is_digital": false, "requires_shipping": true, "created_at": "2025-09-26T17:32:50.011Z", "updated_at": "2025-09-26T17:32:50.011Z", "published_at": null}}, {"model": "Product.product", "pk": 103, "fields": {"name": "Cream Cashmere Scarf", "description": "Luxurious cream cashmere scarf for winter warmth", "short_description": "Cream cashmere winter scarf", "sku": "PRD-4E17B749", "slug": "cream-cashmere-scarf", "category": 6, "brand": 85, "tags": "scarf,cream,cashmere,winter", "price": "85.99", "compare_price": "110.99", "cost_price": null, "track_quantity": true, "quantity": 29, "low_stock_threshold": 5, "allow_backorder": false, "weight": "0.200", "length": null, "width": null, "height": null, "meta_title": "", "meta_description": "", "featured": true, "is_active": true, "is_digital": false, "requires_shipping": true, "created_at": "2025-09-26T17:32:50.360Z", "updated_at": "2025-09-26T17:37:55.661Z", "published_at": null}}, {"model": "Product.product", "pk": 104, "fields": {"name": "Dark Blue Skinny Jeans", "description": "Ultra-skinny dark blue jeans with stretch fabric", "short_description": "Dark blue skinny stretch jeans", "sku": "PRD-1E03160E", "slug": "dark-blue-skinny-jeans", "category": 16, "brand": 86, "tags": "jeans,dark blue,skinny,stretch", "price": "52.99", "compare_price": "69.99", "cost_price": null, "track_quantity": true, "quantity": 65, "low_stock_threshold": 5, "allow_backorder": false, "weight": "0.500", "length": null, "width": null, "height": null, "meta_title": "", "meta_description": "", "featured": true, "is_active": true, "is_digital": false, "requires_shipping": true, "created_at": "2025-09-26T17:32:51.069Z", "updated_at": "2025-09-26T17:32:51.069Z", "published_at": null}}, {"model": "Product.productimage", "pk": 62, "fields": {"product": 75, "image": "products/product_75.jpg", "alt_text": "Image for Classic White Cotton T-Shirt", "is_main": true, "sort_order": 0, "created_at": "2025-09-26T17:32:27.632Z"}}, {"model": "Product.productimage", "pk": 63, "fields": {"product": 76, "image": "products/product_76.jpg", "alt_text": "Image for Blue Denim Jeans Regular Fit", "is_main": true, "sort_order": 0, "created_at": "2025-09-26T17:32:28.026Z"}}, {"model": "Product.productimage", "pk": 64, "fields": {"product": 77, "image": "products/product_77.jpg", "alt_text": "Image for Black Leather Jacket Vintage", "is_main": true, "sort_order": 0, "created_at": "2025-09-26T17:32:29.472Z"}}, {"model": "Product.productimage", "pk": 65, "fields": {"product": 78, "image": "products/product_78.jpg", "alt_text": "Image for Red Summer Dress Floral", "is_main": true, "sort_order": 0, "created_at": "2025-09-26T17:32:29.793Z"}}, {"model": "Product.productimage", "pk": 66, "fields": {"product": 80, "image": "products/product_80.jpg", "alt_text": "Image for Black Formal Pants Slim", "is_main": true, "sort_order": 0, "created_at": "2025-09-26T17:32:31.824Z"}}, {"model": "Product.productimage", "pk": 67, "fields": {"product": 81, "image": "products/product_81.jpg", "alt_text": "Image for White Button Down Shirt", "is_main": true, "sort_order": 0, "created_at": "2025-09-26T17:32:33.625Z"}}, {"model": "Product.productimage", "pk": 68, "fields": {"product": 82, "image": "products/product_82.jpg", "alt_text": "Image for Green Cargo Shorts Summer", "is_main": true, "sort_order": 0, "created_at": "2025-09-26T17:32:34.321Z"}}, {"model": "Product.productimage", "pk": 69, "fields": {"product": 84, "image": "products/product_84.jpg", "alt_text": "Image for Gray Sweatpants Joggers", "is_main": true, "sort_order": 0, "created_at": "2025-09-26T17:32:35.966Z"}}, {"model": "Product.productimage", "pk": 70, "fields": {"product": 85, "image": "products/product_85.jpg", "alt_text": "Image for Striped Long Sleeve Top", "is_main": true, "sort_order": 0, "created_at": "2025-09-26T17:32:38.818Z"}}, {"model": "Product.productimage", "pk": 71, "fields": {"product": 88, "image": "products/product_88.jpg", "alt_text": "Image for Denim Jacket Light Blue", "is_main": true, "sort_order": 0, "created_at": "2025-09-26T17:32:42.683Z"}}, {"model": "Product.productimage", "pk": 72, "fields": {"product": 89, "image": "products/product_89.jpg", "alt_text": "Image for Yellow Sundress Cotton", "is_main": true, "sort_order": 0, "created_at": "2025-09-26T17:32:45.317Z"}}, {"model": "Product.productimage", "pk": 73, "fields": {"product": 90, "image": "products/product_90.jpg", "alt_text": "Image for Black Turtleneck Sweater", "is_main": true, "sort_order": 0, "created_at": "2025-09-26T17:32:45.721Z"}}, {"model": "Product.productimage", "pk": 74, "fields": {"product": 91, "image": "products/product_91.jpg", "alt_text": "Image for Khaki Chinos Slim Fit", "is_main": true, "sort_order": 0, "created_at": "2025-09-26T17:32:46.065Z"}}, {"model": "Product.productimage", "pk": 75, "fields": {"product": 92, "image": "products/product_92.jpg", "alt_text": "Image for White Tank Top Basic", "is_main": true, "sort_order": 0, "created_at": "2025-09-26T17:32:46.361Z"}}, {"model": "Product.productimage", "pk": 76, "fields": {"product": 93, "image": "products/product_93.jpg", "alt_text": "Image for Purple Cardigan Knitted", "is_main": true, "sort_order": 0, "created_at": "2025-09-26T17:32:46.650Z"}}, {"model": "Product.productimage", "pk": 77, "fields": {"product": 95, "image": "products/product_95.jpg", "alt_text": "Image for Red Flannel Shirt Checkered", "is_main": true, "sort_order": 0, "created_at": "2025-09-26T17:32:48.059Z"}}, {"model": "Product.productimage", "pk": 78, "fields": {"product": 96, "image": "products/product_96.jpg", "alt_text": "Image for Blue Maxi Dress Bohemian", "is_main": true, "sort_order": 0, "created_at": "2025-09-26T17:32:48.436Z"}}, {"model": "Product.productimage", "pk": 79, "fields": {"product": 98, "image": "products/product_98.jpg", "alt_text": "Image for White Polo Shirt Classic", "is_main": true, "sort_order": 0, "created_at": "2025-09-26T17:32:49.002Z"}}, {"model": "Product.productimage", "pk": 80, "fields": {"product": 100, "image": "products/product_100.jpg", "alt_text": "Image for Burgundy Velvet Blazer", "is_main": true, "sort_order": 0, "created_at": "2025-09-26T17:32:49.629Z"}}, {"model": "Product.productimage", "pk": 81, "fields": {"product": 101, "image": "products/product_101.jpg", "alt_text": "Image for White Linen Pants Summer", "is_main": true, "sort_order": 0, "created_at": "2025-09-26T17:32:49.989Z"}}, {"model": "Product.productimage", "pk": 82, "fields": {"product": 102, "image": "products/product_102.jpg", "alt_text": "Image for Green Military Jacket", "is_main": true, "sort_order": 0, "created_at": "2025-09-26T17:32:50.343Z"}}, {"model": "Product.productimage", "pk": 83, "fields": {"product": 103, "image": "products/product_103.jpg", "alt_text": "Image for Cream Cashmere Scarf", "is_main": true, "sort_order": 0, "created_at": "2025-09-26T17:32:51.049Z"}}, {"model": "Product.productimage", "pk": 84, "fields": {"product": 104, "image": "products/product_104.jpg", "alt_text": "Image for Dark Blue Skinny Jeans", "is_main": true, "sort_order": 0, "created_at": "2025-09-26T17:32:51.371Z"}}, {"model": "Cart.cart", "pk": 1, "fields": {"user": 7, "session_key": null, "created_at": "2025-09-20T17:45:27.437Z", "updated_at": "2025-09-20T17:45:27.437Z"}}, {"model": "Cart.cart", "pk": 2, "fields": {"user": 8, "session_key": null, "created_at": "2025-09-20T19:25:40.341Z", "updated_at": "2025-09-20T19:25:40.341Z"}}, {"model": "Order.order", "pk": 1, "fields": {"order_id": "ORD-1ABA6A19", "user": 8, "customer_email": "divine@gmail.com", "customer_phone": "09555071767", "shipping_first_name": "Divine", "shipping_last_name": "sharma", "shipping_address_line_1": "555/2 karkari road,vishwas nagar,shahdara,delhi-110032", "shipping_address_line_2": "", "shipping_city": "Delhi, NCT, India", "shipping_state": "Delhi", "shipping_postal_code": "110032", "shipping_country": "United States", "billing_same_as_shipping": true, "billing_first_name": "", "billing_last_name": "", "billing_address_line_1": "", "billing_address_line_2": "", "billing_city": "", "billing_state": "", "billing_postal_code": "", "billing_country": "", "subtotal": "2495.99", "shipping_cost": "10.00", "tax_amount": "199.68", "total_amount": "2705.67", "status": "pending", "payment_status": "completed", "notes": "Order placed via Buy Now checkout", "shipping_method": "Standard Shipping", "shipping_method_display": "Standard Shipping", "shipping_duration": "", "estimated_delivery_date": null, "delivery_instructions": "", "is_free_shipping": false, "shipping_carrier": "Standard Carrier", "tracking_number": "", "created_at": "2025-09-22T10:37:21.831Z", "updated_at": "2025-09-22T10:37:21.834Z", "shipped_at": null, "delivered_at": null, "out_for_delivery_at": null, "delivery_attempted_at": null, "delivery_confirmation_method": ""}}, {"model": "Order.order", "pk": 2, "fields": {"order_id": "ORD-ACD9B66F", "user": 8, "customer_email": "divine@gmail.com", "customer_phone": "09555071767", "shipping_first_name": "Divine", "shipping_last_name": "sharma", "shipping_address_line_1": "555/2 karkari road,vishwas nagar,shahdara,delhi-110032", "shipping_address_line_2": "", "shipping_city": "Delhi, NCT, India", "shipping_state": "Delhi", "shipping_postal_code": "110032", "shipping_country": "United States", "billing_same_as_shipping": true, "billing_first_name": "", "billing_last_name": "", "billing_address_line_1": "", "billing_address_line_2": "", "billing_city": "", "billing_state": "", "billing_postal_code": "", "billing_country": "", "subtotal": "2495.99", "shipping_cost": "10.00", "tax_amount": "199.68", "total_amount": "2705.67", "status": "pending", "payment_status": "completed", "notes": "Order placed via Buy Now checkout", "shipping_method": "Standard Shipping", "shipping_method_display": "Standard Shipping", "shipping_duration": "", "estimated_delivery_date": null, "delivery_instructions": "", "is_free_shipping": false, "shipping_carrier": "Standard Carrier", "tracking_number": "", "created_at": "2025-09-22T10:53:32.308Z", "updated_at": "2025-09-22T10:53:32.311Z", "shipped_at": null, "delivered_at": null, "out_for_delivery_at": null, "delivery_attempted_at": null, "delivery_confirmation_method": ""}}, {"model": "Order.order", "pk": 3, "fields": {"order_id": "ORD-E0996A97", "user": 8, "customer_email": "divine@gmail.com", "customer_phone": "09555071767", "shipping_first_name": "Divine", "shipping_last_name": "sharma", "shipping_address_line_1": "555/2 karkari road,vishwas nagar,shahdara,delhi-110032", "shipping_address_line_2": "", "shipping_city": "Delhi, NCT, India", "shipping_state": "Delhi", "shipping_postal_code": "110032", "shipping_country": "United States", "billing_same_as_shipping": true, "billing_first_name": "", "billing_last_name": "", "billing_address_line_1": "", "billing_address_line_2": "", "billing_city": "", "billing_state": "", "billing_postal_code": "", "billing_country": "", "subtotal": "2495.99", "shipping_cost": "10.00", "tax_amount": "199.68", "total_amount": "2705.67", "status": "pending", "payment_status": "completed", "notes": "Order placed via Buy Now checkout", "shipping_method": "Standard Shipping", "shipping_method_display": "Standard Shipping", "shipping_duration": "", "estimated_delivery_date": null, "delivery_instructions": "", "is_free_shipping": false, "shipping_carrier": "Standard Carrier", "tracking_number": "", "created_at": "2025-09-22T11:24:32.465Z", "updated_at": "2025-09-22T11:24:32.468Z", "shipped_at": null, "delivered_at": null, "out_for_delivery_at": null, "delivery_attempted_at": null, "delivery_confirmation_method": ""}}, {"model": "Order.order", "pk": 4, "fields": {"order_id": "ORD-9D0F3E4F", "user": 7, "customer_email": "testuser4@gmail.com", "customer_phone": "09555071767", "shipping_first_name": "test", "shipping_last_name": "user", "shipping_address_line_1": "RAVI DUTT SHARMA,555/2KARKARI ROAD,VISHWAS NAGAR,DELHI-110032", "shipping_address_line_2": "", "shipping_city": "Delh", "shipping_state": "India", "shipping_postal_code": "110051", "shipping_country": "United States", "billing_same_as_shipping": true, "billing_first_name": "", "billing_last_name": "", "billing_address_line_1": "", "billing_address_line_2": "", "billing_city": "", "billing_state": "", "billing_postal_code": "", "billing_country": "", "subtotal": "2495.99", "shipping_cost": "10.00", "tax_amount": "199.68", "total_amount": "2705.67", "status": "pending", "payment_status": "completed", "notes": "Order placed via Buy Now checkout", "shipping_method": "Standard Shipping", "shipping_method_display": "Standard Shipping", "shipping_duration": "", "estimated_delivery_date": null, "delivery_instructions": "", "is_free_shipping": false, "shipping_carrier": "Standard Carrier", "tracking_number": "", "created_at": "2025-09-22T11:28:20.932Z", "updated_at": "2025-09-22T11:28:20.939Z", "shipped_at": null, "delivered_at": null, "out_for_delivery_at": null, "delivery_attempted_at": null, "delivery_confirmation_method": ""}}, {"model": "Order.order", "pk": 5, "fields": {"order_id": "ORD-26885BF6", "user": 7, "customer_email": "testuser4@gmail.com", "customer_phone": "09555071767", "shipping_first_name": "test", "shipping_last_name": "user", "shipping_address_line_1": "RAVI DUTT SHARMA,555/2KARKARI ROAD,VISHWAS NAGAR,DELHI-110032", "shipping_address_line_2": "", "shipping_city": "Delh", "shipping_state": "India", "shipping_postal_code": "110051", "shipping_country": "United States", "billing_same_as_shipping": true, "billing_first_name": "", "billing_last_name": "", "billing_address_line_1": "", "billing_address_line_2": "", "billing_city": "", "billing_state": "", "billing_postal_code": "", "billing_country": "", "subtotal": "2495.99", "shipping_cost": "10.00", "tax_amount": "199.68", "total_amount": "2705.67", "status": "pending", "payment_status": "completed", "notes": "Order placed via Buy Now checkout", "shipping_method": "Standard Shipping", "shipping_method_display": "Standard Shipping", "shipping_duration": "", "estimated_delivery_date": null, "delivery_instructions": "", "is_free_shipping": false, "shipping_carrier": "Standard Carrier", "tracking_number": "", "created_at": "2025-09-22T17:05:53.446Z", "updated_at": "2025-09-22T17:05:53.452Z", "shipped_at": null, "delivered_at": null, "out_for_delivery_at": null, "delivery_attempted_at": null, "delivery_confirmation_method": ""}}, {"model": "Order.order", "pk": 6, "fields": {"order_id": "ORD-F28E2F38", "user": 7, "customer_email": "testuser4@gmail.com", "customer_phone": "09555071767", "shipping_first_name": "test", "shipping_last_name": "user", "shipping_address_line_1": "RAVI DUTT SHARMA,555/2KARKARI ROAD,VISHWAS NAGAR,DELHI-110032", "shipping_address_line_2": "", "shipping_city": "Delh", "shipping_state": "India", "shipping_postal_code": "110051", "shipping_country": "United States", "billing_same_as_shipping": true, "billing_first_name": "", "billing_last_name": "", "billing_address_line_1": "", "billing_address_line_2": "", "billing_city": "", "billing_state": "", "billing_postal_code": "", "billing_country": "", "subtotal": "145.99", "shipping_cost": "10.00", "tax_amount": "11.68", "total_amount": "167.67", "status": "pending", "payment_status": "completed", "notes": "", "shipping_method": "Standard Shipping", "shipping_method_display": "Standard Shipping", "shipping_duration": "", "estimated_delivery_date": null, "delivery_instructions": "", "is_free_shipping": false, "shipping_carrier": "Standard Carrier", "tracking_number": "", "created_at": "2025-09-22T17:32:41.600Z", "updated_at": "2025-09-22T17:32:41.604Z", "shipped_at": null, "delivered_at": null, "out_for_delivery_at": null, "delivery_attempted_at": null, "delivery_confirmation_method": ""}}, {"model": "Order.order", "pk": 7, "fields": {"order_id": "ORD-3D4A3FA4", "user": 7, "customer_email": "testuser4@gmail.com", "customer_phone": "09555071767", "shipping_first_name": "test", "shipping_last_name": "user", "shipping_address_line_1": "RAVI DUTT SHARMA,555/2KARKARI ROAD,VISHWAS NAGAR,DELHI-110032", "shipping_address_line_2": "", "shipping_city": "Delh", "shipping_state": "India", "shipping_postal_code": "110051", "shipping_country": "United States", "billing_same_as_shipping": true, "billing_first_name": "", "billing_last_name": "", "billing_address_line_1": "", "billing_address_line_2": "", "billing_city": "", "billing_state": "", "billing_postal_code": "", "billing_country": "", "subtotal": "145.99", "shipping_cost": "10.00", "tax_amount": "11.68", "total_amount": "167.67", "status": "cancelled", "payment_status": "completed", "notes": "Order placed via Buy Now checkout. Delivery Instructions: None", "shipping_method": "Standard Shipping", "shipping_method_display": "Standard Shipping", "shipping_duration": "5-7 business days", "estimated_delivery_date": null, "delivery_instructions": "", "is_free_shipping": false, "shipping_carrier": "Standard Carrier", "tracking_number": "", "created_at": "2025-09-22T17:47:23.568Z", "updated_at": "2025-09-25T18:40:52.838Z", "shipped_at": null, "delivered_at": null, "out_for_delivery_at": null, "delivery_attempted_at": null, "delivery_confirmation_method": ""}}, {"model": "Order.order", "pk": 8, "fields": {"order_id": "ORD-F89096F9", "user": 7, "customer_email": "testuser4@gmail.com", "customer_phone": "09555071767", "shipping_first_name": "test", "shipping_last_name": "user", "shipping_address_line_1": "RAVI DUTT SHARMA,555/2KARKARI ROAD,VISHWAS NAGAR,DELHI-110032", "shipping_address_line_2": "", "shipping_city": "Delh", "shipping_state": "India", "shipping_postal_code": "110051", "shipping_country": "United States", "billing_same_as_shipping": true, "billing_first_name": "", "billing_last_name": "", "billing_address_line_1": "", "billing_address_line_2": "", "billing_city": "", "billing_state": "", "billing_postal_code": "", "billing_country": "", "subtotal": "399.99", "shipping_cost": "0.00", "tax_amount": "32.00", "total_amount": "431.99", "status": "cancelled", "payment_status": "completed", "notes": "Order placed via Buy Now checkout. Delivery Instructions: None", "shipping_method": "standard", "shipping_method_display": "Standard Shipping", "shipping_duration": "5-7 business days", "estimated_delivery_date": "2025-10-02", "delivery_instructions": "", "is_free_shipping": true, "shipping_carrier": "Standard Carrier", "tracking_number": "", "created_at": "2025-09-25T18:01:58.049Z", "updated_at": "2025-09-25T18:40:12.270Z", "shipped_at": null, "delivered_at": null, "out_for_delivery_at": null, "delivery_attempted_at": null, "delivery_confirmation_method": ""}}, {"model": "Order.order", "pk": 9, "fields": {"order_id": "ORD-37C66122", "user": 7, "customer_email": "testuser4@gmail.com", "customer_phone": "09555071767", "shipping_first_name": "test", "shipping_last_name": "user", "shipping_address_line_1": "RAVI DUTT SHARMA,555/2KARKARI ROAD,VISHWAS NAGAR,DELHI-110032", "shipping_address_line_2": "", "shipping_city": "Delh", "shipping_state": "India", "shipping_postal_code": "110051", "shipping_country": "United States", "billing_same_as_shipping": true, "billing_first_name": "", "billing_last_name": "", "billing_address_line_1": "", "billing_address_line_2": "", "billing_city": "", "billing_state": "", "billing_postal_code": "", "billing_country": "", "subtotal": "85.99", "shipping_cost": "0.00", "tax_amount": "6.88", "total_amount": "92.87", "status": "cancelled", "payment_status": "completed", "notes": "Order placed via Buy Now checkout. Delivery Instructions: None", "shipping_method": "standard", "shipping_method_display": "Standard Shipping", "shipping_duration": "5-7 business days", "estimated_delivery_date": "2025-10-03", "delivery_instructions": "", "is_free_shipping": true, "shipping_carrier": "Standard Carrier", "tracking_number": "", "created_at": "2025-09-26T17:37:55.658Z", "updated_at": "2025-09-26T17:38:17.921Z", "shipped_at": null, "delivered_at": null, "out_for_delivery_at": null, "delivery_attempted_at": null, "delivery_confirmation_method": ""}}, {"model": "Order.orderitem", "pk": 9, "fields": {"order": 9, "product": 103, "variant": null, "product_name": "Cream Cashmere Scarf", "product_sku": "PRD-4E17B749", "quantity": 1, "unit_price": "85.99", "total_price": "85.99", "created_at": "2025-09-26T17:37:55.661Z"}}, {"model": "Order.transaction", "pk": 1, "fields": {"transaction_id": "TXN-8059AF99CA7F", "order": 1, "transaction_type": "payment", "payment_method": "credit_card", "amount": "2705.67", "currency": "USD", "status": "completed", "gateway": "Mock Payment Gateway", "gateway_transaction_id": "MOCK-7B1EF279CC9D44C9", "payment_details": {"last_four": "4567", "expiry": "11/30"}, "gateway_response": {"status": "success", "message": "Payment processed"}, "created_at": "2025-09-22T10:37:21.834Z", "processed_at": null, "failure_reason": ""}}, {"model": "Order.transaction", "pk": 2, "fields": {"transaction_id": "TXN-495FC9257AF1", "order": 2, "transaction_type": "payment", "payment_method": "credit_card", "amount": "2705.67", "currency": "USD", "status": "completed", "gateway": "Mock Payment Gateway", "gateway_transaction_id": "MOCK-B801772B4BCE4509", "payment_details": {"last_four": "4567", "expiry": "11/30"}, "gateway_response": {"status": "success", "message": "Payment processed"}, "created_at": "2025-09-22T10:53:32.311Z", "processed_at": null, "failure_reason": ""}}, {"model": "Order.transaction", "pk": 3, "fields": {"transaction_id": "TXN-2391019D8ABA", "order": 3, "transaction_type": "payment", "payment_method": "credit_card", "amount": "2705.67", "currency": "USD", "status": "completed", "gateway": "Mock Payment Gateway", "gateway_transaction_id": "MOCK-22B35711CCC24BC6", "payment_details": {"last_four": "4567", "expiry": "11/30"}, "gateway_response": {"status": "success", "message": "Payment processed"}, "created_at": "2025-09-22T11:24:32.468Z", "processed_at": null, "failure_reason": ""}}, {"model": "Order.transaction", "pk": 4, "fields": {"transaction_id": "TXN-46E8BBD7D46C", "order": 4, "transaction_type": "payment", "payment_method": "credit_card", "amount": "2705.67", "currency": "USD", "status": "completed", "gateway": "Mock Payment Gateway", "gateway_transaction_id": "MOCK-7DF8197DF83F4C32", "payment_details": {"last_four": "4567", "expiry": "11/30"}, "gateway_response": {"status": "success", "message": "Payment processed"}, "created_at": "2025-09-22T11:28:20.938Z", "processed_at": null, "failure_reason": ""}}, {"model": "Order.transaction", "pk": 5, "fields": {"transaction_id": "TXN-98E89FDD3A96", "order": 5, "transaction_type": "payment", "payment_method": "credit_card", "amount": "2705.67", "currency": "USD", "status": "completed", "gateway": "Mock Payment Gateway", "gateway_transaction_id": "MOCK-4C646634DEFF457B", "payment_details": {"last_four": "4567", "expiry": "11/30"}, "gateway_response": {"status": "success", "message": "Payment processed"}, "created_at": "2025-09-22T17:05:53.450Z", "processed_at": null, "failure_reason": ""}}, {"model": "Order.transaction", "pk": 6, "fields": {"transaction_id": "TXN-210DA5721F47", "order": 6, "transaction_type": "payment", "payment_method": "credit_card", "amount": "167.67", "currency": "USD", "status": "completed", "gateway": "Mock Payment Gateway", "gateway_transaction_id": "MOCK-67C6E4981F5C4C70", "payment_details": {"last_four": "4567", "expiry": "11/30"}, "gateway_response": {"status": "success", "message": "Payment processed"}, "created_at": "2025-09-22T17:32:41.604Z", "processed_at": null, "failure_reason": ""}}, {"model": "Order.transaction", "pk": 7, "fields": {"transaction_id": "TXN-DE5CE29FB7E4", "order": 7, "transaction_type": "payment", "payment_method": "credit_card", "amount": "167.67", "currency": "USD", "status": "completed", "gateway": "Mock Payment Gateway", "gateway_transaction_id": "MOCK-1A88791AE11B449F", "payment_details": {"last_four": "4567", "expiry": "11/30"}, "gateway_response": {"status": "success", "message": "Payment processed"}, "created_at": "2025-09-22T17:47:23.571Z", "processed_at": null, "failure_reason": ""}}, {"model": "Order.transaction", "pk": 8, "fields": {"transaction_id": "TXN-E351577A4DD9", "order": 8, "transaction_type": "payment", "payment_method": "credit_card", "amount": "431.99", "currency": "USD", "status": "completed", "gateway": "Mock Payment Gateway", "gateway_transaction_id": "MOCK-328B4B9168BE4A88", "payment_details": {"last_four": "4567", "expiry": "11/30"}, "gateway_response": {"status": "success", "message": "Payment processed successfully"}, "created_at": "2025-09-25T18:01:58.056Z", "processed_at": null, "failure_reason": ""}}, {"model": "Order.transaction", "pk": 9, "fields": {"transaction_id": "TXN-4BB5EC613D72", "order": 9, "transaction_type": "payment", "payment_method": "credit_card", "amount": "92.87", "currency": "USD", "status": "completed", "gateway": "Mock Payment Gateway", "gateway_transaction_id": "MOCK-2741E4D04DE44112", "payment_details": {"last_four": "4567", "expiry": "11/30"}, "gateway_response": {"status": "success", "message": "Payment processed successfully"}, "created_at": "2025-09-26T17:37:55.663Z", "processed_at": null, "failure_reason": ""}}, {"model": "Order.orderstatushistory", "pk": 1, "fields": {"order": 1, "status": "pending", "notes": "Order created", "changed_by": 8, "created_at": "2025-09-22T10:37:21.835Z"}}, {"model": "Order.orderstatushistory", "pk": 2, "fields": {"order": 2, "status": "pending", "notes": "Order created", "changed_by": 8, "created_at": "2025-09-22T10:53:32.312Z"}}, {"model": "Order.orderstatushistory", "pk": 3, "fields": {"order": 3, "status": "pending", "notes": "Order created", "changed_by": 8, "created_at": "2025-09-22T11:24:32.469Z"}}, {"model": "Order.orderstatushistory", "pk": 4, "fields": {"order": 4, "status": "pending", "notes": "Order created", "changed_by": 7, "created_at": "2025-09-22T11:28:20.939Z"}}, {"model": "Order.orderstatushistory", "pk": 5, "fields": {"order": 5, "status": "pending", "notes": "Order created", "changed_by": 7, "created_at": "2025-09-22T17:05:53.452Z"}}, {"model": "Order.orderstatushistory", "pk": 6, "fields": {"order": 6, "status": "pending", "notes": "Order created", "changed_by": 7, "created_at": "2025-09-22T17:32:41.605Z"}}, {"model": "Order.orderstatushistory", "pk": 7, "fields": {"order": 7, "status": "pending", "notes": "Order created", "changed_by": 7, "created_at": "2025-09-22T17:47:23.572Z"}}, {"model": "Order.orderstatushistory", "pk": 8, "fields": {"order": 8, "status": "pending", "notes": "Order created via checkout with Standard Shipping", "changed_by": 7, "created_at": "2025-09-25T18:01:58.058Z"}}, {"model": "Order.orderstatushistory", "pk": 9, "fields": {"order": 8, "status": "cancelled", "notes": "Order cancelled by customer", "changed_by": 7, "created_at": "2025-09-25T18:40:12.278Z"}}, {"model": "Order.orderstatushistory", "pk": 10, "fields": {"order": 7, "status": "cancelled", "notes": "Order cancelled by customer", "changed_by": 7, "created_at": "2025-09-25T18:40:52.846Z"}}, {"model": "Order.orderstatushistory", "pk": 11, "fields": {"order": 9, "status": "pending", "notes": "Order created via checkout with Standard Shipping", "changed_by": 7, "created_at": "2025-09-26T17:37:55.665Z"}}, {"model": "Order.orderstatushistory", "pk": 12, "fields": {"order": 9, "status": "cancelled", "notes": "Order cancelled by customer", "changed_by": 7, "created_at": "2025-09-26T17:38:17.929Z"}}, {"model": "Order.deliveryevent", "pk": 1, "fields": {"order": 8, "event_type": "picked_up", "event_date": "2025-09-25T18:01:58.049Z", "location": "Processing Center", "description": "Order placed for Standard Shipping. Expected delivery: 2025-10-02", "carrier_reference": "REF-ORD-F89096F9", "created_at": "2025-09-25T18:01:58.059Z"}}, {"model": "Order.deliveryevent", "pk": 2, "fields": {"order": 8, "event_type": "picked_up", "event_date": "2025-09-25T18:01:58.049Z", "location": "Processing Center", "description": "Order ORD-F89096F9 has been placed and is being prepared for shipment.", "carrier_reference": "REF-ORD-F89096F9", "created_at": "2025-09-25T18:01:58.059Z"}}, {"model": "Order.deliveryevent", "pk": 3, "fields": {"order": 8, "event_type": "returned", "event_date": "2025-09-25T18:40:12.285Z", "location": "Customer Request", "description": "Order ORD-F89096F9 cancelled by customer", "carrier_reference": "", "created_at": "2025-09-25T18:40:12.285Z"}}, {"model": "Order.deliveryevent", "pk": 4, "fields": {"order": 7, "event_type": "returned", "event_date": "2025-09-25T18:40:52.851Z", "location": "Customer Request", "description": "Order ORD-3D4A3FA4 cancelled by customer", "carrier_reference": "", "created_at": "2025-09-25T18:40:52.852Z"}}, {"model": "Order.deliveryevent", "pk": 5, "fields": {"order": 9, "event_type": "picked_up", "event_date": "2025-09-26T17:37:55.658Z", "location": "Processing Center", "description": "Order placed for Standard Shipping. Expected delivery: 2025-10-03", "carrier_reference": "REF-ORD-37C66122", "created_at": "2025-09-26T17:37:55.666Z"}}, {"model": "Order.deliveryevent", "pk": 6, "fields": {"order": 9, "event_type": "picked_up", "event_date": "2025-09-26T17:37:55.658Z", "location": "Processing Center", "description": "Order ORD-37C66122 has been placed and is being prepared for shipment.", "carrier_reference": "REF-ORD-37C66122", "created_at": "2025-09-26T17:37:55.666Z"}}, {"model": "Order.deliveryevent", "pk": 7, "fields": {"order": 9, "event_type": "returned", "event_date": "2025-09-26T17:38:17.935Z", "location": "Customer Request", "description": "Order ORD-37C66122 cancelled by customer", "carrier_reference": "", "created_at": "2025-09-26T17:38:17.935Z"}}]
